318,100,False,True,False,True,False,True,False,True,False,True
411,189,True,False,True,False,True,False,True,False,True,False
399,147,True,False,True,False,True,False,True,False,True,False
400,148,True,False,True,False,True,False,True,False,True,False
489,337,True,False,True,False,True,False,True,False,True,False
708,501,True,False,True,False,True,False,True,False,True,False
578,486,False,True,False,True,False,True,False,True,False,True
696,498,True,False,True,False,True,False,True,False,True,False
729,522,False,True,False,True,False,True,False,True,False,True
727,513,True,False,True,False,True,False,True,False,True,False
732,597,True,False,True,False,True,False,True,False,True,False
744,709,True,False,True,False,True,False,True,False,True,False
745,757,True,False,True,False,True,False,True,False,True,False
944,759,True,False,False,False,False,False,False,False,False,False
975,914,True,False,True,False,True,False,True,False,True,False
986,932,True,False,True,False,True,False,True,False,True,False
1020,940,True,False,True,False,True,False,True,False,True,False
978,918,False,True,False,True,False,True,False,True,False,True
982,921,False,True,False,True,False,True,False,True,False,True
984,924,True,False,True,False,True,False,True,False,True,False
1245,1061,True,False,True,False,True,False,True,False,True,False
1199,1025,False,True,False,True,False,True,False,True,False,True
1108,968,False,True,False,True,False,True,False,True,False,True
1109,1003,False,True,False,True,False,True,False,True,False,True
1160,1018,True,False,True,False,True,False,True,False,True,False
1247,1246,False,False,False,False,False,False,False,False,False,False
1251,1259,True,False,True,False,True,False,True,False,True,False
1269,1347,False,True,False,True,False,True,False,True,False,True
1272,1518,True,False,True,False,True,False,True,False,True,False
1333,1536,True,False,True,False,True,False,True,False,True,False
1359,2001,True,False,True,False,True,False,True,False,True,False
1356,1994,True,False,True,False,True,False,True,False,True,False
1335,1642,False,True,False,True,False,True,False,True,False,True
1341,1732,False,True,False,True,False,True,False,True,False,True
1354,1845,True,False,True,False,True,False,True,False,True,False
2032,2021,True,False,True,False,True,False,True,False,True,False
2140,2153,True,False,True,False,True,False,True,False,True,False
1361,2011,True,False,True,False,True,False,True,False,True,False
2119,2107,False,True,False,True,False,True,False,True,False,True
2034,2083,False,True,False,True,False,True,False,True,False,True
2148,2258,True,True,True,False,True,False,True,False,True,False
2535,2371,False,True,False,True,False,True,False,True,False,True
2537,2425,False,True,False,True,False,True,False,True,False,True
2319,2354,True,False,True,False,True,False,True,False,True,False
2665,2500,False,True,False,True,False,True,False,True,False,True
2744,2542,False,True,False,True,False,True,False,True,False,True
2790,2581,False,True,False,True,False,True,False,True,False,True
2833,2685,True,False,True,False,True,False,True,False,True,False
2966,2693,False,True,False,True,False,True,False,True,False,True
2964,2692,False,True,False,True,False,True,False,True,False,True
3719,2820,False,True,False,True,False,True,False,True,False,True
3108,2698,True,False,True,False,True,False,True,False,True,False
3501,2709,False,True,False,True,False,True,False,True,False,True
3712,2712,False,True,False,True,False,True,False,True,False,True
3145,2706,False,True,False,True,False,True,False,True,False,True
3802,2933,False,True,False,True,False,True,False,True,False,True
3906,3111,True,False,True,False,True,False,True,False,True,False
3972,3117,False,True,False,True,False,True,False,True,False,True
3867,3073,False,True,False,True,False,True,False,True,False,True
3982,3129,False,True,False,True,False,True,False,True,False,True
4094,3236,False,True,False,True,False,True,False,True,False,True
4388,3591,True,False,True,False,True,False,True,False,True,False
4152,3247,True,False,True,False,True,False,True,False,True,False
4242,3482,True,False,True,False,True,False,True,False,True,False
4227,3451,True,False,True,False,True,False,True,False,True,False
4711,3679,True,False,True,False,True,False,True,False,True,False
4779,3695,False,True,False,True,False,True,False,True,False,True
5009,3697,True,False,True,False,True,False,True,False,True,False
5013,3778,False,True,False,True,False,True,False,True,False,True
4699,3676,True,False,True,False,True,False,True,False,True,False
5471,3781,False,True,False,True,False,True,False,True,False,True
5804,3981,True,False,True,False,True,False,True,False,True,False
5988,4011,True,False,True,False,True,False,True,False,True,False
5538,3794,True,False,True,False,True,False,True,False,True,False
5654,3800,True,False,True,False,True,False,True,False,True,False
6056,4129,False,False,True,False,True,False,True,False,True,False
6105,4374,True,False,True,False,True,False,True,False,True,False
6174,4386,False,True,False,True,False,True,False,True,False,True
6031,4102,False,True,False,True,False,True,False,True,False,True
6158,4381,True,False,True,False,True,False,True,False,True,False
6206,4397,False,True,False,True,False,True,False,True,False,True
6186,4395,True,False,True,False,True,False,True,False,True,False
6249,4401,False,True,False,True,False,True,False,True,False,True
6651,4407,True,False,True,False,True,False,True,False,True,False
6664,4422,True,False,True,False,True,False,True,False,True,False
6746,4461,False,True,False,True,False,True,False,True,False,True
7177,4705,True,False,True,False,True,False,True,False,True,False
6961,4463,False,True,False,True,False,True,False,True,False,True
7037,4510,True,False,True,False,True,False,True,False,True,False
7188,4884,False,True,False,True,False,True,False,True,False,True
7525,5098,False,True,False,True,False,True,False,False,False,False
7783,5163,False,True,False,True,False,True,False,True,False,True
7719,5137,False,True,False,True,False,True,False,True,False,True
7807,5252,True,False,True,False,True,False,True,False,True,False
7597,5115,False,True,False,True,False,True,False,True,False,True
8053,5405,True,False,True,False,True,False,True,False,True,False
7822,5286,True,False,True,False,True,False,True,False,True,False
8034,5320,True,False,True,False,True,False,True,False,True,False
8119,5540,True,True,False,True,False,True,False,True,False,True
8046,5347,False,True,False,True,False,True,False,True,False,True
8398,5789,True,False,True,False,True,False,True,False,True,False
8184,5572,False,True,False,True,False,True,False,True,False,True
8458,5819,True,False,True,False,True,False,True,False,True,False
8168,5564,True,False,True,False,True,False,True,False,True,False
8276,5788,False,True,False,True,False,True,False,True,False,True
8751,6306,False,True,False,True,False,True,False,True,False,True
8515,6062,False,True,False,True,False,True,False,True,False,True
8556,6285,False,True,False,True,False,True,False,True,False,True
8864,6340,False,True,False,True,False,True,False,True,False,True
8464,5856,True,False,True,False,True,False,True,False,True,False
8977,6632,False,True,False,True,False,True,False,True,False,True
9077,6709,True,True,True,True,True,True,True,True,True,True
8869,6455,True,False,True,False,True,False,True,False,True,False
8967,6617,False,True,False,True,False,True,False,True,False,True
9006,6641,False,True,False,True,False,True,False,True,False,True
9446,6725,False,True,False,True,False,True,False,True,False,True
9640,6756,False,True,False,True,False,True,False,True,False,True
9736,6823,False,True,False,True,False,True,False,True,False,True
9518,6753,True,False,True,False,True,False,True,False,True,False
9862,6882,False,True,False,True,False,True,False,True,False,True
9937,7138,True,False,True,False,True,False,True,False,True,False
9914,7035,True,False,True,False,True,False,True,False,True,False
9877,6941,False,True,False,True,False,True,False,True,False,True
9930,7132,False,True,False,True,False,True,False,True,False,True
9882,6950,False,True,False,True,False,True,False,True,False,True
10010,7584,False,True,False,True,False,True,False,True,False,True
10240,7596,False,True,False,True,False,True,False,True,False,True
10164,7593,True,False,True,False,True,False,True,False,True,False
10255,7602,True,False,True,False,True,False,True,False,True,False
9982,7169,False,True,False,True,False,True,False,True,False,True
10996,7905,True,False,True,False,True,False,True,False,True,False
11268,7908,False,True,False,True,False,True,False,True,False,True
10914,7899,False,True,False,True,False,True,False,True,False,True
10646,7715,True,False,True,False,True,False,True,False,True,False
10817,7893,False,True,False,True,False,True,False,True,False,True
11281,7909,False,True,False,True,False,True,False,True,False,True
11625,7914,True,False,True,False,True,False,True,False,True,False
11642,8003,False,True,False,True,False,True,False,True,False,True
11649,8174,True,False,True,False,True,False,True,False,True,False
11630,7991,True,False,True,False,True,False,True,False,True,False
11708,8307,True,False,True,False,True,False,True,False,True,False
12194,8399,False,True,False,True,False,True,False,True,False,True
11700,8291,True,False,True,False,True,False,True,False,True,False
11718,8397,False,True,False,True,False,True,False,True,False,True
12339,8436,True,False,True,False,True,False,True,False,True,False
12763,8539,True,False,True,False,True,False,True,False,True,False
12883,8632,True,False,True,False,True,False,True,False,True,False
12703,8455,False,True,False,True,False,True,False,True,False,True
12877,8555,False,True,False,True,False,True,False,True,False,True
12487,8450,True,False,True,False,True,False,True,False,True,False
13277,8899,True,False,True,False,True,False,True,False,True,False
12889,8673,False,True,False,True,False,True,False,True,False,True
12901,8838,False,True,False,True,False,True,False,True,False,True
13260,8894,False,True,False,True,False,True,False,True,False,True
12898,8801,True,False,True,False,True,False,True,False,True,False
13351,8949,True,False,True,False,True,False,True,False,True,False
13697,9216,True,False,True,False,True,False,True,False,True,False
13699,9735,True,False,True,False,True,False,True,False,True,False
13366,9131,False,True,False,True,False,True,False,True,False,True
13634,9152,False,False,False,False,False,False,True,False,True,False
14222,9979,True,False,True,False,True,False,True,False,True,False
13765,9804,True,False,True,False,True,False,True,False,True,False
14152,9957,False,True,False,True,False,True,False,True,False,True
14077,9893,False,True,False,True,False,True,False,True,False,True
14233,9995,True,False,True,False,True,False,True,False,True,False
14355,10012,False,True,False,True,False,True,False,True,False,True
14385,10013,False,True,False,True,False,True,False,True,False,True
14388,10052,True,False,True,False,True,False,True,False,True,False
14399,10097,True,False,False,False,False,False,False,False,False,False
14406,10153,False,True,True,True,True,True,True,True,True,True
14879,11114,False,True,False,True,False,True,False,True,False,True
14530,10816,True,False,True,False,True,False,True,False,True,False
14549,10969,False,True,False,True,False,True,False,True,False,True
14859,11098,False,True,False,True,False,True,False,True,False,True
14515,10177,False,True,False,True,False,True,False,True,False,True
14944,11177,True,False,True,False,True,False,True,False,True,False
14945,11189,False,True,False,True,False,True,False,True,False,True
15043,11270,True,False,True,False,True,False,True,False,True,False
15021,11191,True,False,True,False,True,False,True,False,True,False
15089,11317,True,False,True,False,True,False,True,False,True,False
15435,11659,True,False,True,False,True,False,True,False,True,False
15444,11727,False,False,False,False,False,False,False,False,False,False
15193,11546,True,False,True,False,True,False,True,False,True,False
15296,11641,False,True,False,True,False,True,False,True,False,True
15468,11730,True,False,True,False,True,False,True,False,True,False
15494,11961,True,False,True,False,True,False,True,False,True,False
15624,11989,True,False,True,False,True,False,True,False,True,False
15647,11997,True,False,True,False,True,False,True,False,True,False
15551,11985,True,False,True,False,True,False,True,False,True,False
15502,11965,False,True,False,True,False,True,False,True,False,True
15937,12399,True,False,True,False,True,False,True,False,True,False
15688,11999,True,False,True,False,True,False,True,False,True,False
16157,12548,True,False,True,False,True,False,True,False,True,False
15793,12390,True,False,True,False,True,False,True,False,True,False
15956,12476,False,True,False,True,False,True,False,True,False,True
16444,12577,False,True,False,True,False,True,False,True,False,True
16332,12565,True,False,True,False,True,False,True,False,True,False
16522,12615,True,False,True,False,True,False,True,False,True,False
16470,12612,False,True,False,True,False,True,False,True,False,True
16446,12610,False,True,False,True,False,True,False,True,False,True
16600,12616,False,True,False,True,False,True,False,True,False,True
16767,12667,False,True,False,True,False,True,False,True,False,True
16862,12807,False,True,False,True,False,True,False,True,False,True
16601,12618,True,True,True,True,True,True,True,True,True,True
16836,12704,True,False,True,False,True,False,True,False,True,False
16913,12813,True,False,True,False,True,False,True,False,True,False
16911,12811,True,False,True,False,True,False,True,False,True,False
17070,12819,False,True,False,True,False,True,False,True,False,True
17127,12886,False,True,False,True,False,True,False,True,False,True
17129,12888,True,False,True,False,True,False,True,False,True,False
17130,12891,True,False,True,False,True,False,True,False,True,False
17324,13140,True,False,True,False,True,False,True,False,True,False
17457,13273,False,True,False,True,False,True,False,True,False,True
17157,13117,True,False,True,False,True,False,True,False,True,False
17337,13220,True,False,True,False,True,False,True,False,True,False
17472,13289,False,True,False,True,False,True,False,True,False,True
17527,13507,False,True,False,True,False,True,False,True,False,True
17589,13686,True,False,True,False,True,False,True,False,True,False
17478,13500,False,True,False,True,False,True,False,True,False,True
17573,13684,False,True,False,True,False,True,False,True,False,True
17613,13965,False,True,False,True,False,True,False,True,False,True
17619,13999,False,True,False,True,False,True,False,True,False,True
17604,13817,False,True,False,True,False,True,False,True,False,True
17593,13792,True,False,True,False,True,False,True,False,True,False
17616,13978,False,True,False,True,False,True,False,True,False,True
17856,14124,True,False,True,False,True,False,True,False,True,False
17851,14112,False,True,False,True,False,True,False,True,False,True
17679,14096,True,False,True,False,True,False,True,False,True,False
17645,14055,False,True,False,True,False,True,False,True,False,True
17666,14059,True,False,True,False,True,False,True,False,True,False
17857,14131,True,False,True,False,True,False,True,False,True,False
17922,14273,False,True,False,True,False,True,False,True,False,True
17941,14362,False,True,False,True,False,True,False,True,False,True
18239,14404,False,True,False,True,False,True,False,True,False,True
17878,14254,False,True,False,True,False,True,False,True,False,True
18248,14448,True,False,True,False,True,False,True,False,True,False
18709,14772,False,False,False,True,False,True,False,True,False,True
18385,14661,False,True,False,True,False,True,False,True,False,True
18438,14698,False,True,False,True,False,True,False,True,False,True
18365,14586,False,True,False,True,False,True,False,True,False,True
19456,14912,False,True,False,True,False,True,False,True,False,True
19691,14917,True,False,True,False,True,False,True,False,True,False
19039,14905,False,True,False,True,False,True,False,True,False,True
19731,15026,False,True,False,True,False,True,False,True,False,True
18818,14847,False,True,False,True,False,True,False,True,False,True
19911,15315,True,False,True,False,True,False,True,False,True,False
19749,15066,True,False,True,False,True,False,True,False,True,False
19750,15110,False,True,False,True,False,True,False,True,False,True
19904,15297,False,True,False,True,False,True,False,True,False,True
19818,15192,False,True,False,True,False,True,False,True,False,True
19914,15345,False,True,False,True,False,True,False,True,False,True
19916,15413,False,True,False,True,False,True,False,True,False,True
20084,15538,False,True,False,True,False,True,False,True,False,True
20512,15582,True,False,True,False,True,False,True,False,True,False
19984,15524,True,False,True,False,True,False,True,False,True,False
20962,15606,False,True,False,True,False,True,False,True,False,True
20798,15604,False,True,False,True,False,True,False,True,False,True
20735,15585,False,True,False,True,False,True,False,True,False,True
20964,15610,False,True,False,True,False,True,False,True,False,True
20970,15847,False,True,False,True,False,True,False,True,False,True
20981,16037,False,True,False,True,False,True,False,True,False,True
21000,16071,False,True,False,True,False,True,False,True,False,True
20973,15911,True,False,True,False,True,False,True,False,True,False
20982,16039,True,False,True,False,True,False,True,False,True,False
20976,15945,True,False,True,False,True,False,True,False,True,False
22145,16093,False,True,False,True,False,True,False,True,False,True
21672,16085,False,True,False,True,False,True,False,True,False,True
22051,16089,True,False,True,False,True,False,True,False,True,False
22058,16092,True,False,True,False,True,False,True,False,True,False
21527,16074,False,True,False,True,False,True,False,True,False,True
22573,16344,True,False,True,False,True,False,True,False,True,False
22517,16285,True,False,True,False,True,False,True,False,True,False
22364,16105,False,True,False,True,False,True,False,True,False,True
22651,16348,False,True,False,True,False,True,False,True,False,True
22441,16174,False,True,False,True,False,True,False,True,False,True
23163,16525,False,True,False,True,False,True,False,True,False,True
22664,16521,False,True,False,True,False,True,False,True,False,True
22658,16350,False,True,False,True,False,True,False,True,False,True
22679,16523,False,True,False,True,False,True,False,True,False,True
23192,16530,True,False,True,False,True,False,True,False,True,False
23408,16610,True,False,True,False,True,False,True,False,True,False
23221,16540,True,False,True,False,True,False,True,False,True,False
23606,16816,False,True,False,True,False,True,False,True,False,True
23262,16545,False,True,False,True,False,True,False,True,False,True
23265,16563,False,True,False,True,False,True,False,True,False,True
23799,17152,True,False,True,False,True,False,True,False,True,False
23677,17024,True,False,True,False,True,False,True,False,True,False
23649,16837,True,False,False,True,False,True,False,True,False,True
23772,17028,False,True,False,True,False,True,False,True,False,True
23777,17049,False,True,False,True,False,True,False,True,False,True
23868,17165,False,True,False,True,False,True,False,True,False,True
24187,17254,False,True,False,True,False,True,False,True,False,True
23972,17241,True,False,True,False,True,False,True,False,True,False
23850,17158,False,True,False,True,False,True,False,True,False,True
24230,17265,False,True,False,True,False,True,False,True,False,True
24367,17371,True,False,True,False,True,False,True,False,True,False
24258,17294,False,True,False,True,False,True,False,True,False,True
24546,17630,False,True,False,True,False,True,False,True,False,True
24397,17617,False,True,False,True,False,True,False,True,False,True
24396,17608,False,True,False,True,False,True,False,True,False,True
24830,17728,False,True,False,True,False,True,False,True,False,True
24645,17690,False,True,False,True,False,True,False,True,False,True
24765,17727,True,False,True,False,True,False,True,False,True,False
25335,17747,False,True,False,True,False,True,False,True,False,True
24913,17746,True,False,True,False,True,False,True,False,True,False
26115,18017,True,False,True,False,True,False,True,False,True,False
25596,17771,True,False,True,False,True,False,True,False,True,False
25730,17782,False,True,False,True,False,True,False,True,False,True
25856,17835,False,True,False,True,False,True,False,True,False,True
25984,17879,True,False,True,False,True,False,True,False,True,False
26487,18367,True,False,True,False,True,False,True,False,True,False
26228,18173,False,True,False,True,False,True,False,True,False,True
26279,18347,False,True,False,True,False,True,False,True,False,True
26209,18168,False,True,False,True,False,True,False,True,False,True
26281,18364,True,False,True,False,True,False,True,False,True,False
26552,18586,False,True,False,True,False,True,False,True,False,True
26633,18587,False,True,False,True,False,True,False,True,False,True
26672,18605,True,False,True,False,True,False,True,False,True,False
26541,18532,True,False,True,False,True,False,True,False,True,False
26551,18551,False,True,False,True,False,True,False,True,False,True
26751,18755,False,True,False,True,False,True,False,True,False,True
26752,18806,False,True,False,True,False,True,False,True,False,True
27008,18821,False,True,False,True,False,True,False,True,False,True
26941,18819,False,True,False,True,False,True,False,True,False,True
26904,18816,True,False,True,False,True,False,True,False,True,False
27121,18839,True,True,False,True,False,True,False,True,False,True
27595,19295,True,False,True,False,True,False,True,False,True,False
27157,18854,True,False,True,False,True,False,True,False,True,False
27199,19029,False,True,False,True,False,True,False,True,False,True
27429,19147,False,True,False,True,False,True,False,True,False,True
27905,19635,False,True,False,True,False,True,False,True,False,True
27869,19399,False,True,False,True,False,True,False,True,False,True
27962,19728,False,True,False,True,False,True,False,True,False,True
27966,19843,True,False,True,False,True,False,True,False,True,False
28073,20025,True,False,True,False,True,False,True,False,True,False
28144,20051,False,True,False,True,False,True,False,True,False,True
28436,20145,True,False,True,False,True,False,True,False,True,False
28754,20196,False,True,False,True,False,True,False,True,False,True
29057,20248,True,False,True,False,True,False,True,False,True,False
28249,20143,False,True,False,True,False,True,False,True,False,True
29134,20293,False,True,False,True,False,True,False,True,False,True
29136,20312,True,False,True,False,True,False,True,False,True,False
29182,20431,False,True,False,True,False,True,False,True,False,True
29435,20720,True,False,True,False,True,False,True,False,True,False
29249,20718,True,False,True,False,True,False,True,False,True,False
30352,21588,False,True,False,True,False,True,False,True,False,True
29916,21352,False,True,False,True,False,True,False,True,False,True
29808,20788,True,False,True,False,True,False,True,False,True,False
30228,21546,False,True,False,True,False,True,False,True,False,True
30083,21428,False,True,False,True,False,True,False,True,False,True
30405,21601,False,False,False,True,False,True,False,True,False,True
30475,21636,True,False,True,False,True,False,True,False,True,False
30427,21629,True,False,True,False,True,False,True,False,True,False
30480,21673,True,False,True,False,True,False,True,False,True,False
30597,21716,True,False,True,False,True,False,True,False,True,False
30746,21965,False,True,False,True,False,True,False,True,False,True
30641,21799,True,False,True,False,True,False,True,False,True,False
30598,21717,True,False,True,False,True,False,True,False,True,False
30667,21941,True,False,True,False,True,False,True,False,True,False
30767,21996,False,True,False,True,False,True,False,True,False,True
31336,22243,False,True,False,True,False,True,False,True,False,True
31337,22309,False,True,False,True,False,True,False,True,False,True
30961,22030,False,True,False,True,False,True,False,True,False,True
30855,22014,False,True,False,True,False,True,False,True,False,True
31239,22124,False,True,False,True,False,True,False,True,False,True
31508,22443,True,False,True,False,True,False,True,False,True,False
31501,22440,True,False,True,False,True,False,True,False,True,False
31382,22327,False,True,False,True,False,True,False,True,False,True
31497,22349,True,False,True,False,True,False,True,False,True,False
31509,22450,True,False,True,False,True,False,True,False,True,False
31530,22462,False,True,False,True,False,True,False,True,False,True
31583,22493,False,True,False,True,False,True,False,True,False,True
31594,22521,True,False,True,False,True,False,True,False,True,False
31599,22582,False,True,False,True,False,True,False,True,False,True
31578,22489,False,True,False,True,False,True,False,True,False,True
31715,22589,False,True,False,True,False,True,False,True,False,True
31786,22590,True,False,True,False,True,False,True,False,True,False
31974,22692,False,True,False,True,False,True,False,True,False,True
31689,22583,False,True,False,True,False,True,False,True,False,True
31813,22603,True,False,True,False,True,False,True,False,True,False
32278,22864,False,False,False,False,False,False,False,False,False,False
32309,22865,True,False,True,False,True,False,True,False,True,False
32155,22822,False,True,False,True,False,True,False,True,False,True
32186,22850,False,True,False,True,False,True,False,True,False,True
32274,22855,False,True,False,True,False,True,False,True,False,True
33056,22924,False,True,False,True,False,True,False,True,False,True
32354,22888,False,True,False,True,False,True,False,True,False,True
32432,22898,True,False,True,False,True,False,True,False,True,False
32709,22916,False,True,False,True,False,True,False,True,False,True
32484,22909,True,False,True,False,True,False,True,False,True,False
33197,22930,True,False,True,False,True,False,True,False,True,False
33506,23282,False,True,False,True,False,True,False,True,False,True
33215,22992,False,True,False,True,False,True,False,True,False,True
33295,23240,False,True,False,True,False,True,False,True,False,True
33349,23244,True,False,True,False,True,False,True,False,True,False
33517,23289,True,False,True,False,True,False,True,False,True,False
33562,23296,True,False,True,False,True,False,True,False,True,False
33613,23422,True,False,True,False,True,False,True,False,True,False
33581,23352,False,True,False,True,False,True,False,True,False,True
33734,23516,False,True,False,True,False,True,True,True,True,True
34332,23581,True,False,True,False,True,False,True,False,True,False
34274,23580,True,False,True,False,True,False,True,False,True,False
34104,23561,False,True,False,True,False,True,False,True,False,True
34167,23567,True,False,True,False,True,False,True,False,True,False
34485,23725,False,True,False,True,False,True,False,True,False,True
34776,23869,True,False,True,False,True,False,True,False,True,False
34989,23968,False,True,False,True,False,True,False,True,False,True
35022,24016,False,True,False,True,False,True,False,True,False,True
34859,23941,False,True,False,True,False,True,False,True,False,True
34772,23845,True,False,True,False,True,False,True,False,True,False
35389,24235,False,True,False,True,False,True,False,True,False,True
35083,24023,True,False,True,False,True,False,True,False,True,False
35214,24219,True,False,True,False,True,False,True,False,True,False
35210,24030,True,False,True,False,True,False,True,False,True,False
35225,24223,True,False,True,False,True,False,True,False,True,False
35397,24241,False,True,False,True,False,True,False,True,False,True
35411,24267,False,True,False,True,False,True,False,True,False,True
35537,24441,True,False,True,False,True,False,True,False,True,False
35696,24571,False,True,False,True,False,True,False,True,False,True
35528,24422,False,True,False,True,False,True,False,True,False,True
35825,24599,False,True,False,True,False,True,False,True,False,True
35890,24616,True,False,True,False,True,False,True,False,True,False
36116,24767,False,True,False,True,False,True,False,True,False,True
36259,24868,True,False,True,False,True,False,True,False,True,False
36008,24658,True,False,True,False,True,False,True,False,True,False
36337,24988,True,False,True,False,True,False,True,False,True,False
36418,25103,True,False,True,False,True,False,True,False,True,False
36527,25120,False,True,False,True,False,True,False,True,False,True
36631,25289,True,True,True,False,True,False,True,False,True,False
36282,24889,True,True,True,True,True,True,True,True,True,True
36685,25511,False,True,False,True,False,True,False,True,False,True
36876,25649,False,True,False,True,False,True,False,True,False,True
36660,25319,False,True,False,True,False,True,False,True,False,True
36732,25577,True,False,True,False,True,False,True,False,True,False
36634,25313,False,True,False,True,False,True,False,True,False,True
36898,25675,True,False,True,False,True,False,True,False,True,False
37008,25762,False,True,False,True,False,True,False,True,False,True
37115,25763,True,True,False,True,False,True,True,True,True,True
37235,25807,False,True,False,True,False,True,False,True,False,True
37194,25791,False,False,True,False,True,False,True,True,True,True
37758,26320,False,True,False,True,False,True,False,True,False,True
37392,26222,True,False,True,False,True,False,True,False,True,False
37711,26264,False,True,False,True,False,True,False,True,False,True
37384,26080,True,False,True,False,True,False,True,False,True,False
37624,26236,False,False,False,False,False,False,False,True,False,True
38002,26540,True,False,True,True,True,True,True,True,True,True
37769,26413,True,False,True,False,True,False,True,False,True,False
38003,26665,False,True,False,True,False,True,False,True,False,True
37830,26528,False,True,False,True,False,True,False,True,False,True
38125,26678,False,True,False,True,False,True,False,True,False,True
38276,27216,True,False,True,False,True,False,True,False,True,False
38142,26761,False,True,False,True,False,True,False,True,False,True
38206,26822,True,False,True,False,True,False,True,False,True,False
38274,27053,True,False,True,False,True,False,True,False,True,False
38251,26984,True,False,True,False,True,False,True,False,True,False
38446,27372,True,False,True,False,True,False,True,False,True,False
38469,27608,False,True,False,True,False,True,False,True,False,True
38333,27280,False,True,False,True,False,True,False,True,False,True
38449,27593,True,False,True,False,True,False,True,False,True,False
38487,27619,True,False,True,False,True,False,True,False,True,False
38694,27801,True,False,True,False,True,False,True,False,True,False
38671,27783,True,False,True,False,True,False,True,False,True,False
38733,27862,False,True,False,True,False,True,False,True,False,True
38953,27880,False,True,False,True,False,True,False,True,False,True
38555,27779,False,True,False,True,False,True,False,True,False,True
38970,28038,False,True,True,True,True,True,True,True,True,True
39653,28366,True,False,True,False,True,False,True,False,True,False
39134,28146,True,False,True,False,True,False,True,False,True,False
39463,28353,True,False,True,False,True,False,True,False,True,False
39243,28346,False,True,False,True,False,True,False,True,False,True
40056,29240,False,True,False,True,False,True,False,True,False,True
39890,28991,False,True,False,True,False,True,False,True,False,True
39831,28368,True,False,True,False,True,False,True,False,True,False
40099,29330,False,True,False,True,False,True,False,True,False,True
40096,29242,False,True,False,True,False,True,False,True,False,True
40233,29512,True,False,True,False,True,False,True,False,True,False
40802,29585,True,False,True,False,True,False,True,False,True,False
40857,29649,True,False,True,False,True,False,True,False,True,False
40813,29637,False,True,False,True,False,True,False,True,False,True
40107,29347,True,False,True,False,True,False,True,False,True,False
41489,29873,False,True,False,True,False,True,False,True,False,True
41487,29859,False,True,False,True,False,True,False,True,False,True
41040,29668,True,False,True,False,True,False,True,False,True,False
41386,29793,False,True,False,True,False,True,False,True,False,True
41483,29857,False,True,False,True,False,True,False,True,False,True
41510,29887,True,False,True,False,True,False,True,False,True,False
42249,30076,False,True,False,True,False,True,False,True,False,True
41949,29957,True,False,True,False,True,False,True,False,True,False
41502,29874,False,True,False,True,False,True,False,True,False,True
41506,29885,False,True,False,True,False,True,False,True,False,True
42907,30176,True,False,True,False,True,False,True,False,True,False
42274,30078,True,False,True,False,True,False,True,False,True,False
43079,30233,True,False,True,False,True,False,True,False,True,False
42493,30079,False,True,False,True,False,True,False,True,False,True
42772,30172,False,False,False,False,False,False,False,False,False,False
43094,30257,False,True,False,True,False,True,False,True,False,True
43183,30268,False,True,False,True,False,True,False,True,False,True
43397,30686,False,True,False,True,False,True,False,True,False,True
43189,30326,False,True,False,True,False,True,False,True,False,True
43267,30677,False,True,False,True,False,True,False,True,False,True
43745,30744,True,False,True,False,True,False,True,False,True,False
43793,30745,True,False,True,False,True,False,True,False,True,False
43579,30709,False,True,False,True,False,True,False,True,False,True
43618,30732,True,False,True,False,True,False,True,False,True,False
43896,30747,True,False,True,False,True,False,True,False,True,False
43969,31039,False,True,False,True,False,True,False,True,False,True
44106,31129,True,False,True,False,True,False,True,False,True,False
44210,31130,True,False,True,False,True,False,True,False,True,False
44363,31168,False,True,False,True,False,True,False,True,False,True
44403,31171,False,True,False,True,False,True,False,True,False,True
44486,31179,True,False,True,False,True,False,True,False,True,False
44522,31220,False,True,False,True,False,True,False,True,False,True
44538,31266,True,False,True,False,True,False,True,False,True,False
44559,31342,True,False,True,False,True,False,True,False,True,False
44465,31174,False,True,False,True,False,True,False,True,False,True
44571,31595,False,True,False,True,False,True,False,True,False,True
44584,31606,True,False,True,False,True,False,True,False,True,False
44580,31602,False,True,False,True,False,True,False,True,False,True
44583,31603,False,True,False,True,False,True,False,True,False,True
44599,31769,False,True,False,True,False,True,False,True,False,True
44734,31987,False,True,False,True,False,True,False,True,False,True
44710,31984,False,True,False,True,False,True,False,True,False,True
44602,31857,False,True,False,True,False,True,False,True,False,True
44601,31819,False,True,False,True,False,True,False,True,False,True
44604,31861,True,False,True,False,True,False,True,False,True,False
44939,32362,False,True,False,True,False,True,False,True,False,True
44889,32352,False,True,False,True,False,True,False,True,False,True
44825,32261,True,False,True,False,True,False,True,False,True,False
44751,32078,False,True,False,True,False,True,False,True,False,True
44828,32281,False,True,False,True,False,True,False,True,False,True
45085,32511,False,True,False,True,False,True,False,True,False,True
45099,32567,False,True,False,True,False,True,False,True,False,True
44941,32374,True,False,True,False,True,False,True,False,True,False
45134,32665,False,True,False,True,False,True,False,True,False,True
45192,32778,False,True,False,True,False,True,False,True,False,True
45201,32840,True,False,False,False,False,False,True,False,True,False
45616,32939,True,False,True,False,True,False,True,False,True,False
45566,32925,True,False,True,False,True,False,True,False,True,False
45615,32937,True,False,True,False,True,False,True,False,True,False
45635,32943,False,True,False,True,False,True,False,True,False,True
46507,32953,False,True,False,True,False,True,False,True,False,True
46508,32998,True,False,True,False,True,False,True,False,True,False
46533,33227,True,False,True,False,True,False,True,False,True,False
45921,32949,False,True,False,True,False,True,False,True,False,True
46513,33206,True,False,True,False,True,False,True,False,True,False
46926,33284,False,True,False,True,False,True,False,True,False,True
46620,33254,True,False,True,False,True,False,True,False,True,False
46659,33269,False,True,False,True,False,True,False,True,False,True
46839,33276,False,True,False,True,False,True,False,True,False,True
46996,33325,True,False,True,False,True,False,True,False,True,False
47314,33329,False,True,False,True,False,True,False,True,False,True
47474,33377,True,False,True,False,True,False,True,False,True,False
47352,33369,False,True,False,True,False,True,False,True,False,True
47022,33326,True,False,True,False,True,False,True,False,True,False
47337,33366,False,True,False,True,False,True,False,True,False,True
47597,33617,False,True,False,True,False,True,False,True,False,True
47637,33704,True,False,True,False,True,False,True,False,True,False
47641,33926,False,True,False,True,False,True,False,True,False,True
47475,33574,True,False,True,False,True,False,True,False,True,False
47640,33881,False,True,False,True,False,True,False,True,False,True
47647,33936,True,False,True,False,True,False,True,False,True,False
47703,34020,False,False,False,False,False,False,False,False,False,False
47658,34019,True,False,True,False,True,False,True,False,True,False
47646,33935,True,False,True,False,True,False,True,False,True,False
47650,33945,False,True,False,True,False,True,False,True,False,True
47764,34260,True,False,True,False,True,False,True,False,True,False
47789,34286,False,True,False,True,False,True,False,True,False,True
47724,34231,False,True,False,True,False,True,False,True,False,True
47793,34353,True,False,True,False,True,False,True,False,True,False
47714,34156,False,True,False,True,False,True,False,True,False,True
48055,34421,False,True,False,True,False,True,False,True,False,True
48087,34540,False,True,False,True,False,True,False,True,False,True
48102,34614,False,True,True,False,True,False,True,False,True,False
48115,34617,False,True,False,True,False,True,False,True,False,True
47808,34420,False,True,False,True,False,True,False,True,False,True
48190,34624,True,False,True,False,True,False,True,False,True,False
48291,34630,True,True,True,True,True,True,True,True,True,True
48282,34627,True,False,True,False,True,False,True,False,True,False
48509,34691,False,True,False,True,False,True,False,True,False,True
48435,34639,True,False,True,False,True,False,True,False,True,False
48525,34695,False,True,False,True,False,True,False,True,False,True
48616,34767,False,True,False,True,False,True,False,True,False,True
48669,34857,True,False,True,False,True,False,True,False,True,False
48548,34706,True,False,True,False,True,False,True,False,True,False
48625,34768,False,True,False,True,False,True,False,True,False,True
49110,34995,True,False,True,False,True,False,True,False,True,False
48785,34994,False,True,False,True,False,True,False,True,False,True
49273,35327,True,False,True,False,True,False,True,False,True,False
49424,35379,True,False,True,False,True,False,True,False,True,False
49194,35240,True,False,True,False,True,False,True,False,True,False
49545,35716,False,True,False,True,False,True,False,True,False,True
49722,35761,True,False,True,False,True,False,True,False,True,False
49526,35703,True,False,True,False,True,False,True,False,True,False
49441,35597,True,False,True,False,True,False,True,False,True,False
49627,35760,True,False,True,False,True,False,True,False,True,False
49856,35774,False,True,False,True,False,True,False,True,False,True
49898,35902,True,False,True,False,True,False,True,False,True,False
50023,35963,True,False,True,False,True,False,True,False,True,False
49908,35908,False,True,False,True,False,True,False,True,False,True
49925,35939,False,True,False,True,False,True,False,True,False,True
50319,36040,True,False,True,False,True,False,True,False,True,False
50448,36312,False,True,False,True,False,True,False,True,False,True
50031,36007,False,True,False,True,False,True,False,True,False,True
50459,36361,False,True,False,True,False,True,False,True,False,True
50605,36434,False,True,False,True,False,True,False,True,False,True
50651,36569,False,True,False,True,False,True,False,True,False,True
50659,36599,False,True,False,True,False,True,False,True,False,True
50658,36598,False,True,False,True,False,True,False,True,False,True
50809,36613,True,False,True,False,True,False,True,False,True,False
50922,36662,False,True,False,True,False,True,False,True,False,True
50954,36751,False,True,False,True,False,True,False,True,False,True
50960,36862,False,True,False,True,False,True,False,True,False,True
50928,36666,False,True,False,True,False,True,False,True,False,True
50956,36852,False,True,False,True,False,True,False,True,False,True
50964,36917,False,True,False,True,False,True,False,True,False,True
51165,37116,False,True,False,True,False,True,False,True,False,True
50974,36920,False,True,False,True,False,True,False,True,False,True
51141,36992,False,True,False,True,False,True,False,True,False,True
51138,36932,False,True,False,True,False,True,False,True,False,True
51147,37045,True,False,True,False,True,False,True,False,True,False
51581,37180,False,True,False,True,False,True,False,True,False,True
51387,37163,True,False,True,False,True,False,True,False,True,False
51681,37212,True,False,True,False,True,False,True,False,True,False
51577,37175,False,True,False,True,False,True,False,True,False,True
51723,37312,False,True,False,True,False,True,False,True,False,True
52175,37782,False,True,True,False,True,False,True,False,True,False
51737,37397,False,True,False,True,False,True,False,True,False,True
51754,37503,True,False,True,False,True,False,True,False,True,False
52014,37738,False,True,False,True,False,True,False,True,False,True
51901,37519,False,True,False,True,False,True,False,True,False,True
52193,37812,True,False,True,False,True,False,True,False,True,False
52395,37814,True,False,True,False,True,False,True,False,True,False
52396,37831,False,True,False,True,False,True,False,True,False,True
52224,37813,True,False,True,False,True,False,True,False,True,False
52496,37833,True,False,True,False,True,False,True,False,True,False
53345,38022,True,False,True,False,True,False,True,False,True,False
52615,37837,True,False,True,False,True,False,True,False,True,False
52614,37834,True,False,True,False,True,False,True,False,True,False
53330,37962,False,True,False,True,False,True,False,True,False,True
53133,37958,True,False,True,False,True,False,True,False,True,False
53350,38110,False,True,False,True,False,True,False,True,False,True
53395,38112,False,True,False,True,False,True,False,True,False,True
53560,38116,True,False,True,False,True,False,True,False,True,False
53676,38120,True,False,True,False,True,False,True,False,True,False
53680,38124,True,False,True,False,True,False,True,False,True,False
53946,38130,False,True,False,True,False,True,False,True,False,True
53906,38127,True,False,True,False,True,False,True,False,True,False
54139,38268,True,False,True,False,True,False,True,False,True,False
54447,38269,True,False,True,False,True,False,True,False,True,False
53977,38136,True,False,True,False,True,False,True,False,True,False
55022,38363,False,True,False,True,False,True,False,True,False,True
54724,38316,False,True,False,True,False,True,False,True,False,True
55172,38421,True,False,True,False,True,False,True,False,True,False
55056,38412,False,True,False,True,False,True,False,True,False,True
54697,38303,True,False,True,False,True,False,True,False,True,False
55185,38506,False,True,False,True,False,True,False,True,False,True
55398,38538,True,False,True,False,True,False,True,False,True,False
55480,38836,True,False,True,False,True,False,True,False,True,False
55358,38537,True,False,True,False,True,False,True,False,True,False
55464,38786,True,False,True,False,True,False,True,False,True,False
55492,38901,True,True,False,True,False,True,False,True,False,True
55514,39143,False,True,False,True,False,True,False,True,False,True
55520,39264,False,True,False,True,False,True,False,True,False,True
56032,39299,True,False,True,False,True,False,True,False,True,False
55887,39283,False,True,False,True,False,True,False,True,False,True
56062,39354,False,True,False,True,False,True,False,True,False,True
56160,39459,True,False,True,False,True,False,True,False,True,False
56206,39482,True,False,True,False,True,False,True,False,True,False
56144,39380,False,True,False,True,False,True,False,True,False,True
56208,39647,True,False,True,False,True,False,True,False,True,False
56466,39809,True,False,True,False,True,False,True,False,True,False
56247,39696,True,False,True,False,True,False,True,False,True,False
56280,39703,True,False,True,False,True,False,True,False,True,False
56459,39725,True,False,True,False,True,False,True,False,True,False
56526,39820,True,False,True,False,True,False,True,False,True,False
56769,40021,True,False,True,True,True,True,False,True,False,True
56772,40031,True,False,True,False,True,False,True,False,True,False
56784,40173,False,True,False,True,False,True,False,True,False,True
56936,40174,True,False,True,False,True,False,True,False,True,False
56755,40011,False,True,False,True,False,True,False,True,False,True
57167,40242,True,False,True,False,True,False,True,False,True,False
57044,40195,False,True,False,True,False,True,False,True,False,True
57379,40590,False,True,False,True,False,True,False,True,False,True
57387,40600,True,False,True,False,True,False,True,False,True,False
57105,40212,True,False,True,False,True,False,True,False,True,False
58121,41060,False,True,False,True,False,True,False,True,False,True
57782,41051,False,True,False,True,False,True,False,True,False,True
57466,40843,False,True,False,True,False,True,False,True,False,True
57733,40898,False,True,False,True,False,True,False,True,False,True
57748,41017,True,False,True,False,True,False,True,False,True,False
58174,41135,False,True,False,True,False,True,False,True,False,True
58402,41420,False,True,False,True,False,True,False,True,False,True
58390,41407,False,True,False,True,False,True,False,True,False,True
58222,41167,True,False,True,False,True,False,True,False,True,False
58225,41404,False,True,False,True,False,True,False,True,False,True
58571,41532,False,True,False,True,False,True,False,True,False,True
58491,41482,True,False,True,False,True,False,True,False,True,False
58649,41534,True,False,True,False,True,False,True,False,True,False
58660,41543,True,False,True,False,True,False,True,False,True,False
58665,41563,True,False,True,False,True,False,True,False,True,False
58945,41906,False,True,False,True,False,True,False,True,False,True
59208,42419,True,False,True,False,True,False,True,False,True,False
59029,41958,True,False,True,False,True,False,True,False,True,False
59196,42105,True,False,True,False,True,False,True,False,True,False
58910,41901,True,True,False,True,False,True,False,True,False,True
59434,42525,False,True,False,True,False,True,False,True,False,True
59607,42689,True,False,True,False,True,False,True,False,True,False
59620,42698,False,True,False,True,False,True,False,True,False,True
59331,42476,False,True,False,True,False,True,False,True,False,True
59350,42481,False,True,False,True,False,True,False,True,False,True
60087,42816,True,False,True,False,True,False,True,False,True,False
59642,42764,False,True,False,True,False,True,False,True,False,True
60283,42823,False,True,False,True,False,True,False,True,False,True
59641,42748,True,False,True,False,True,False,True,False,True,False
59704,42814,True,False,True,False,True,False,True,False,True,False
60329,42825,True,False,True,False,True,False,True,False,True,False
60347,42874,True,False,True,False,True,False,True,False,True,False
60343,42833,True,False,True,False,True,False,True,False,True,False
