708,522,True,False,True,False,True,False,True,False,True,False
318,100,False,True,False,True,False,True,False,True,False,True
578,486,False,True,False,True,False,True,False,True,False,True
696,498,True,False,True,False,True,False,True,False,True,False
400,148,True,False,True,False,True,False,True,False,True,False
732,914,True,False,True,False,True,False,True,False,True,False
744,918,True,False,True,False,True,False,True,False,True,False
944,924,True,False,True,True,True,True,True,True,True,True
978,932,False,True,False,True,False,True,False,True,False,True
982,940,True,False,True,False,True,False,True,False,True,False
986,1018,True,False,True,False,True,False,True,False,True,False
1020,1246,True,False,True,False,True,False,True,False,True,False
984,968,False,True,False,True,False,True,False,True,False,True
1108,1518,True,False,True,False,True,False,True,False,True,False
1160,1536,False,True,False,True,False,True,False,True,False,True
2032,2258,True,False,True,False,True,False,True,False,True,False
1356,1994,True,False,True,False,True,False,True,False,True,False
1272,1642,True,False,True,False,True,False,True,False,True,False
1354,1732,True,False,True,False,True,False,True,False,True,False
2034,2354,True,False,True,False,True,False,True,False,True,False
2744,2692,False,True,False,True,False,True,False,True,False,True
2148,2542,False,True,False,True,False,True,False,True,False,True
2790,2698,True,False,True,False,True,False,True,False,True,False
2140,2500,False,True,False,True,False,True,False,True,False,True
2964,2706,False,True,False,True,False,True,False,True,False,True
3108,2820,True,False,True,False,True,False,True,False,True,False
3802,3482,False,True,False,True,False,True,False,True,False,True
2966,2712,False,True,False,True,False,True,False,True,False,True
3906,3676,True,False,True,False,True,False,True,False,True,False
3712,3236,False,False,False,False,False,False,False,False,False,False
4094,3800,True,False,True,False,True,False,True,False,True,False
3972,3778,True,False,True,False,True,False,True,False,True,False
4152,4102,False,True,False,True,False,True,False,True,False,True
4242,4374,True,False,True,False,True,False,True,False,True,False
3982,3794,True,False,True,False,True,False,True,False,True,False
4388,4386,True,False,True,False,True,False,False,False,False,False
5804,4884,False,True,False,True,False,True,False,True,False,True
5988,5098,True,False,True,False,True,False,True,False,True,False
5538,4422,False,True,False,True,False,True,False,True,False,True
5654,4510,True,False,True,False,True,False,True,False,True,False
6056,5252,True,False,True,False,True,False,True,False,True,False
6174,5320,True,False,True,False,True,False,True,False,True,False
6206,5564,False,True,False,True,False,True,False,True,False,True
6186,5540,True,False,True,False,True,False,True,False,True,False
6158,5286,True,False,True,False,True,False,True,False,True,False
6746,5788,True,False,True,False,True,False,True,False,True,False
7822,6062,True,False,True,False,True,False,True,False,True,False
8034,6306,True,False,True,False,True,False,True,False,True,False
6664,5572,True,False,True,False,True,False,True,False,True,False
7188,5856,True,False,True,False,True,False,True,False,True,False
8398,6950,True,False,True,False,True,False,True,False,True,False
8184,6756,False,True,False,True,False,True,False,True,False,True
8168,6632,False,True,False,True,False,True,False,True,False,True
8276,6882,False,True,False,True,False,True,False,True,False,True
8046,6340,False,True,False,True,False,True,False,True,False,True
8458,7132,False,True,False,True,False,True,False,True,False,True
8556,7584,False,True,False,True,False,True,False,True,False,True
8864,7596,True,False,True,False,True,False,True,False,True,False
8464,7138,True,False,True,False,True,False,True,False,True,False
9006,7602,True,False,True,False,True,False,True,False,True,False
9446,7908,True,False,True,False,True,False,True,False,True,False
9640,8174,False,True,False,True,False,True,False,True,False,True
9736,8436,False,True,False,True,False,True,False,True,False,True
9518,7914,True,False,True,False,True,False,True,False,True,False
9862,8450,False,True,False,True,False,True,False,True,False,True
9914,8838,True,False,True,False,True,False,True,False,True,False
10010,9216,True,False,True,False,True,False,True,False,True,False
9930,8894,False,True,False,True,False,True,False,True,False,True
9882,8632,False,True,False,True,False,True,False,True,False,True
9982,9152,False,True,False,True,False,True,False,True,False,True
10996,11098,True,False,True,False,True,False,True,False,True,False
10914,10816,False,True,False,True,False,True,False,True,False,True
10240,10012,False,True,False,True,False,True,False,True,False,True
10646,10052,True,False,True,False,True,False,True,False,True,False
10164,9804,True,False,True,False,True,False,True,False,True,False
11268,11114,False,True,False,True,False,True,False,True,False,True
11708,12390,True,False,True,False,True,False,True,False,True,False
11642,11546,True,False,True,False,True,False,True,False,True,False
11700,11730,False,True,False,True,False,True,False,True,False,True
11630,11270,True,False,True,False,True,False,True,False,True,False
12194,12548,True,False,True,False,True,False,True,False,True,False
11718,12476,True,False,True,False,True,False,True,False,True,False
13366,12616,False,True,False,True,False,True,False,True,False,True
13260,12612,False,True,False,True,False,True,False,True,False,True
12898,12610,False,False,False,True,False,True,False,True,False,True
14222,12886,False,True,False,True,False,True,False,True,False,True
13634,12618,False,True,False,True,False,True,False,True,False,True
14152,12704,False,True,False,True,False,True,False,True,False,True
14388,12888,True,False,True,False,True,False,True,False,True,False
14406,13140,True,False,True,False,True,False,True,False,True,False
14944,13500,False,True,False,True,False,True,False,True,False,True
15444,13686,False,True,False,False,False,False,True,False,True,False
14530,13220,True,False,True,False,True,False,True,False,True,False
15296,13684,True,False,True,False,True,False,True,False,True,False
15468,13792,True,False,True,False,True,False,True,False,True,False
15494,13978,True,False,True,False,True,False,True,False,True,False
15624,14112,False,True,False,True,False,True,False,True,False,True
15688,14124,True,False,True,False,True,False,True,False,True,False
15956,14254,False,True,False,True,False,True,False,True,False,True
15502,14096,False,True,False,True,False,True,False,True,False,True
16444,14404,False,True,False,True,False,True,False,True,False,True
16332,14362,False,True,False,True,False,True,False,True,False,True
16522,14698,True,False,True,False,True,False,True,False,True,False
16470,14586,False,True,False,True,False,True,False,True,False,True
16446,14448,True,False,True,False,True,False,True,False,True,False
17130,15110,False,True,False,True,False,True,False,True,False,True
16600,14772,False,True,False,True,False,True,False,True,False,True
16862,15026,False,True,False,True,False,True,False,True,False,True
16836,14912,True,False,True,False,True,False,True,False,True,False
17070,15066,False,True,False,True,False,True,False,True,False,True
17324,15192,False,True,False,True,False,True,False,True,False,True
17472,15524,False,True,False,True,False,True,False,True,False,True
17604,15582,False,True,False,True,False,True,True,False,True,False
17478,15538,False,True,False,True,False,True,False,True,False,True
17616,15604,True,False,True,False,True,False,True,False,True,False
17856,15610,True,False,True,False,True,False,True,False,True,False
18248,16174,False,True,False,True,False,True,False,True,False,True
17922,16092,False,True,False,True,False,True,False,True,False,True
17878,16074,False,True,False,True,False,True,False,True,False,True
17666,15606,False,True,False,True,False,True,False,True,False,True
19456,16350,False,True,False,True,False,True,False,True,False,True
18438,16344,False,True,False,True,False,True,False,True,False,True
19750,16530,True,False,True,False,True,False,True,False,True,False
19818,16540,False,True,False,True,False,True,False,True,False,True
18818,16348,False,True,False,True,False,True,False,True,False,True
19914,16816,False,True,False,True,False,True,False,True,False,True
19916,17024,True,False,True,False,True,False,True,False,True,False
20084,17152,False,True,False,True,False,True,False,True,False,True
19904,16610,True,False,True,False,True,False,True,False,True,False
19984,17028,True,False,True,False,True,False,True,False,True,False
20962,17294,False,True,False,True,False,True,False,True,False,True
20798,17254,False,True,False,True,False,True,False,True,False,True
20512,17158,True,False,True,False,True,False,True,False,True,False
20964,17608,False,True,False,True,False,True,False,True,False,True
20970,17630,False,True,False,True,False,True,False,True,False,True
21000,17746,False,False,False,False,False,False,False,True,False,True
21672,17782,False,True,False,True,False,True,False,True,False,True
20982,17728,True,False,True,False,True,False,True,False,True,False
22058,18168,True,False,True,False,True,False,True,False,True,False
20976,17690,False,True,False,True,False,True,False,True,False,True
22664,18586,False,True,False,True,False,True,False,True,False,True
22364,18364,True,False,True,False,True,False,True,False,True,False
23262,18816,True,False,True,False,True,False,True,False,True,False
22658,18532,True,False,True,False,True,False,True,False,True,False
23192,18806,False,True,False,True,False,True,False,True,False,True
23408,18854,True,False,True,False,True,False,True,False,True,False
23868,20312,True,False,True,False,True,False,True,False,True,False
23606,19728,False,True,False,True,False,True,False,True,False,True
23772,20196,False,True,False,True,False,True,False,True,False,True
23850,20248,True,False,True,False,True,False,True,False,True,False
24258,20788,True,False,True,False,True,False,True,False,True,False
24546,21428,False,True,False,True,False,True,False,True,False,True
23972,20718,True,False,True,False,True,False,True,False,True,False
24230,20720,True,False,True,False,True,False,True,False,True,False
24396,21352,False,True,False,True,False,True,False,True,False,True
24830,21546,False,True,False,True,False,True,False,True,False,True
25596,21588,True,False,True,False,True,False,True,False,True,False
25730,21636,True,False,True,False,True,False,True,False,True,False
25856,21716,True,False,True,False,True,False,True,False,True,False
25984,21996,True,False,True,False,True,False,True,False,True,False
26752,22440,True,False,True,False,True,False,True,False,True,False
26552,22030,False,True,False,True,False,True,False,True,False,True
26228,22014,False,True,False,True,False,True,False,True,False,True
26672,22124,False,True,False,True,False,True,False,True,False,True
26904,22450,True,False,True,False,True,False,True,False,True,False
27008,22462,False,True,False,True,False,True,False,True,False,True
28144,22692,False,True,False,True,False,True,False,True,False,True
28436,22822,False,True,False,True,False,True,False,True,False,True
27962,22582,False,True,False,True,False,True,False,True,False,True
27966,22590,False,True,False,True,False,True,False,True,False,True
29134,22864,False,True,False,True,False,True,False,True,False,True
29136,22888,True,False,True,False,True,False,True,False,True,False
29182,22898,False,True,False,True,False,True,False,True,False,True
29808,22916,True,False,True,False,True,False,True,False,True,False
28754,22850,True,False,True,False,True,False,True,False,True,False
30352,22992,False,True,False,True,False,True,False,True,False,True
29916,22924,True,False,True,False,True,False,True,False,True,False
30480,23240,True,False,True,False,True,False,True,False,True,False
30228,22930,False,True,False,True,False,True,False,True,False,True
30598,23244,True,False,True,False,True,False,True,False,True,False
30746,23282,False,True,False,True,False,True,False,True,False,True
31336,23296,False,True,False,True,False,True,False,True,False,True
31530,23516,True,False,True,False,True,False,True,False,True,False
31508,23422,True,False,True,False,True,False,True,False,True,False
31382,23352,False,True,False,True,False,True,False,True,False,True
31786,24016,True,False,True,False,True,False,True,False,True,False
32186,24422,False,True,False,True,False,True,False,True,False,True
31594,23968,False,True,False,True,False,True,False,True,False,True
31974,24030,False,True,False,True,False,True,False,True,False,True
31578,23580,False,True,False,True,False,True,False,True,False,True
32278,24658,True,False,True,False,True,False,True,False,True,False
32354,24868,True,False,True,False,True,False,True,False,True,False
32432,24988,True,False,True,False,True,False,True,False,True,False
32484,25120,False,True,False,True,False,True,False,True,False,True
32274,24616,True,False,True,False,True,False,True,False,True,False
33056,25762,False,True,False,True,False,True,False,True,False,True
33506,26080,False,True,False,True,False,True,False,True,False,True
33562,26222,False,True,False,True,False,True,False,True,False,True
34104,26264,False,True,False,True,False,True,False,True,False,True
33734,26236,True,False,True,False,True,False,True,False,True,False
34776,26678,False,True,False,True,False,True,False,True,False,True
34332,26528,False,True,False,True,False,True,False,True,False,True
35022,26822,True,True,True,True,True,True,False,True,False,True
34274,26320,True,False,True,False,True,False,True,False,True,False
34772,26540,True,False,True,False,True,False,True,False,True,False
35696,27372,False,True,False,True,False,True,False,True,False,True
35890,27608,True,True,True,True,True,True,True,True,True,True
35214,27216,True,False,True,False,True,False,True,False,True,False
35528,27280,True,False,True,False,True,False,True,False,True,False
35210,26984,True,False,True,False,True,False,True,False,True,False
36418,28146,True,False,True,False,True,False,True,False,True,False
36116,27880,False,True,False,True,False,True,False,True,False,True
36282,28038,False,True,False,True,False,True,False,True,False,True
36008,27862,False,True,False,True,False,True,False,True,False,True
36634,28346,False,True,False,True,False,True,False,True,False,True
36876,29240,False,True,False,True,False,True,False,True,False,True
36898,29242,False,True,False,True,False,True,False,True,False,True
36660,28366,False,True,False,True,False,True,False,True,False,True
36732,28368,True,False,True,False,True,False,True,False,True,False
37008,29330,False,True,False,True,False,True,False,True,False,True
37758,30078,False,True,False,True,False,True,False,True,False,True
37392,29874,True,False,True,False,True,False,True,False,True,False
37194,29512,False,True,False,True,False,True,False,True,False,True
37384,29668,False,True,False,True,False,True,False,True,False,True
37624,30076,False,True,False,True,False,True,False,True,False,True
38002,30176,True,False,True,False,True,False,True,False,True,False
38142,30268,False,True,False,True,False,True,False,True,False,True
38206,30326,True,False,True,False,True,False,True,False,True,False
38274,30686,True,False,True,False,True,False,True,False,True,False
37830,30172,True,False,True,False,True,False,True,False,True,False
38276,30732,True,False,True,False,True,False,True,False,True,False
38446,30744,True,False,True,False,True,False,True,False,True,False
38694,31130,True,False,True,False,True,False,True,False,True,False
38970,31168,True,False,True,False,True,False,True,False,True,False
39134,31174,False,True,False,True,False,True,False,True,False,True
40056,31266,True,False,True,False,True,False,True,False,True,False
39890,31220,False,True,False,True,False,True,False,True,False,True
40802,31602,False,True,False,True,False,True,False,True,False,True
40096,31342,False,True,False,True,False,True,False,True,False,True
41040,31606,True,False,False,False,False,False,False,True,False,True
41510,32362,True,False,True,False,True,False,True,False,True,False
42274,32374,True,False,True,False,True,False,True,False,True,False
41502,32078,False,True,False,True,False,True,False,True,False,True
41506,32352,True,False,True,False,True,False,True,False,True,False
41386,31984,False,True,False,True,False,True,False,True,False,True
43094,32840,False,True,False,True,False,True,False,True,False,True
44106,33254,False,True,False,True,False,True,False,True,False,True
42772,32778,False,True,False,True,False,True,False,True,False,True
43618,32998,False,True,True,False,True,False,True,False,True,False
43896,33206,False,True,False,True,False,True,False,True,False,True
44486,33284,True,False,True,False,True,False,True,False,True,False
44522,33326,False,False,False,True,False,True,False,True,False,True
44580,33574,True,False,True,False,True,False,True,False,True,False
44210,33276,False,True,False,True,False,True,False,True,False,True
44538,33366,False,True,False,True,False,True,False,True,False,True
44584,33704,True,False,True,False,True,False,True,False,True,False
44734,34156,False,True,False,True,False,True,False,True,False,True
44710,34020,True,False,True,False,True,False,True,False,True,False
44602,33926,True,False,False,False,False,False,True,False,True,False
44604,33936,True,False,True,False,True,False,True,False,True,False
45616,34614,True,False,True,False,True,False,True,False,True,False
45566,34540,False,False,False,False,False,False,False,False,False,False
45134,34286,False,True,False,True,False,True,False,True,False,True
45192,34420,False,True,False,True,False,True,False,True,False,True
44828,34260,True,False,True,False,True,False,True,False,True,False
46508,34624,False,True,False,True,False,True,True,True,True,True
46926,34706,True,True,True,True,True,True,True,False,True,False
46620,34630,True,False,True,False,True,False,True,False,True,False
47022,34994,True,False,True,False,True,False,True,False,True,False
46996,34768,True,False,True,False,True,False,True,False,True,False
47314,35240,False,True,False,True,False,True,False,True,False,True
47474,35760,False,True,False,True,False,True,False,True,False,True
47352,35716,True,False,True,False,True,False,True,False,True,False
47640,35774,False,True,False,True,False,True,False,True,False,True
47646,35902,True,False,True,False,True,False,True,False,True,False
47764,36598,False,True,False,True,False,True,False,True,False,True
47658,36040,True,True,True,True,True,True,True,True,True,True
47724,36434,True,False,True,False,True,False,True,False,True,False
47714,36312,False,False,True,False,True,False,True,False,True,False
47650,35908,False,True,False,True,False,True,False,True,False,True
48190,36852,True,False,True,False,True,False,True,False,True,False
48282,36862,True,True,False,True,False,True,False,True,False,True
48102,36666,False,True,False,True,False,True,False,True,False,True
48548,36920,False,True,False,True,False,True,False,True,False,True
47808,36662,False,True,False,True,False,True,False,True,False,True
49110,36992,False,True,False,True,False,True,False,True,False,True
48616,36932,False,True,False,True,False,True,False,True,False,True
49424,37180,True,False,True,False,True,False,True,False,True,False
49526,37212,True,False,True,False,True,False,True,False,True,False
49194,37116,True,False,True,False,True,False,True,False,True,False
49722,37312,True,False,True,False,True,False,True,False,True,False
49856,37738,True,False,True,False,True,False,True,False,True,False
49898,37782,True,False,True,False,True,False,True,False,True,False
50448,37814,False,True,False,True,False,True,False,True,False,True
49908,37812,True,False,True,False,True,False,True,False,True,False
50954,38022,False,True,False,True,False,True,False,True,False,True
50928,37962,False,True,False,True,False,True,False,True,False,True
50956,38110,False,True,False,True,False,True,False,True,False,True
50658,37834,True,False,True,False,True,False,True,False,True,False
50922,37958,True,False,True,False,True,False,True,False,True,False
50960,38112,False,True,False,True,False,True,False,True,False,True
50964,38116,False,True,False,True,False,True,False,True,False,True
50974,38120,False,True,False,True,False,True,False,True,False,True
51754,38130,True,False,True,False,True,False,True,False,True,False
51138,38124,True,False,True,False,True,False,True,False,True,False
52396,38316,True,False,True,False,True,False,True,False,True,False
52224,38268,True,False,True,False,True,False,True,False,True,False
52014,38136,True,False,True,False,True,False,True,False,True,False
52614,38506,False,True,False,True,False,True,False,True,False,True
52496,38412,False,True,False,True,False,True,False,True,False,True
53350,38786,True,False,True,False,True,False,True,False,True,False
53560,38836,True,False,True,False,True,False,True,False,True,False
53676,39264,False,True,False,True,False,True,False,True,False,True
53330,38538,False,True,False,True,False,True,False,True,False,True
53680,39354,False,True,False,True,False,True,False,True,False,True
55022,39820,False,True,False,True,False,True,False,True,False,True
53946,39482,False,True,False,True,False,True,False,True,False,True
53906,39380,False,True,False,True,False,True,False,True,False,True
54724,39696,False,True,True,True,True,True,True,True,True,True
55056,40174,False,True,False,True,False,True,False,True,False,True
55398,40590,True,False,True,False,True,False,True,False,True,False
55172,40212,False,True,False,True,False,True,False,True,False,True
55480,40898,True,False,True,False,True,False,True,False,True,False
55358,40242,True,False,True,False,True,False,True,False,True,False
55464,40600,True,False,True,False,True,False,True,False,True,False
56062,41532,True,False,True,False,True,False,True,False,True,False
55492,41060,True,True,False,True,False,True,False,True,False,True
55514,41404,False,True,False,True,False,True,False,True,False,True
55520,41420,False,True,False,True,False,True,False,True,False,True
56032,41482,True,False,True,False,True,False,True,False,True,False
56160,41906,True,False,True,False,True,False,True,False,True,False
56280,42698,True,False,True,False,True,False,True,False,True,False
56206,41958,True,False,True,False,True,False,True,False,True,False
56144,41534,True,False,True,False,True,False,True,False,True,False
56208,42476,True,False,True,False,True,False,True,False,True,False
56466,42748,True,False,True,False,True,False,True,False,True,False
56772,42814,False,True,False,True,False,True,False,True,False,True
56784,42816,True,False,True,False,True,False,True,False,True,False
56936,42874,True,False,True,False,True,False,True,False,True,False
56526,42764,False,True,False,True,False,True,False,True,False,True
57782,43704,True,False,True,False,True,False,True,False,True,False
58174,43914,True,False,True,False,True,False,True,False,True,False
57466,43476,False,True,False,True,False,True,False,False,False,False
57044,43020,False,True,False,True,False,True,False,True,False,True
57748,43620,False,True,False,True,False,True,False,True,False,True
58402,44258,False,True,False,True,False,True,False,True,False,True
58390,44212,False,True,False,True,False,True,False,True,False,True
58222,44000,True,False,True,False,True,False,True,False,True,False
58660,44272,True,False,True,False,True,False,True,False,True,False
58910,44418,False,True,False,True,False,True,True,True,True,True
59434,45050,False,True,False,True,False,True,False,True,False,True
59208,45028,True,False,True,False,True,False,True,False,True,False
59196,44936,True,False,True,False,True,False,True,False,True,False
59620,45068,True,False,True,False,True,False,True,False,True,False
59350,45046,False,False,True,False,True,False,True,False,True,False
59642,45080,True,False,True,False,True,False,True,False,True,False
59704,45202,True,False,True,False,True,False,True,False,True,False
