318,100,False,False,True,False,True,False,True,False,True,False
411,189,True,False,True,False,True,False,True,False,True,False
399,147,True,False,True,False,True,False,True,False,True,False
400,148,True,False,True,False,True,False,True,False,True,False
489,337,False,True,False,True,False,True,False,True,False,True
708,501,True,True,True,True,True,True,True,True,True,True
578,486,False,True,False,True,False,True,False,True,False,True
696,498,True,False,True,False,True,False,True,False,True,False
729,522,False,True,False,True,False,True,False,True,False,True
727,513,False,True,False,True,False,True,False,True,False,True
732,597,False,True,False,True,False,True,False,True,False,True
744,709,False,True,False,True,False,True,False,True,False,True
745,757,False,True,False,True,False,True,False,True,False,True
944,759,True,False,True,False,True,False,True,False,True,False
975,914,False,True,False,True,False,True,False,True,False,True
986,932,False,True,False,True,False,True,False,True,False,True
1020,940,False,True,False,True,False,True,False,True,False,True
978,918,False,True,False,True,False,True,False,True,False,True
982,921,False,True,False,True,False,True,False,True,False,True
984,924,True,False,True,False,True,False,True,False,True,False
1245,1061,True,False,True,False,True,False,True,False,True,False
1199,1025,False,True,False,True,False,True,False,True,False,True
1108,968,True,False,True,False,True,False,True,False,True,False
1109,1003,False,True,False,False,False,False,False,True,False,True
1160,1018,True,False,True,False,True,False,True,False,True,False
1247,1246,True,False,True,False,True,False,False,False,False,False
1251,1259,True,False,True,False,True,False,True,False,True,False
1269,1347,False,True,False,True,False,True,False,True,False,True
1272,1518,False,True,False,True,False,True,False,True,False,True
1333,1536,True,False,True,False,True,False,True,False,True,False
1359,2001,False,True,False,True,False,True,False,True,False,True
1356,1994,False,True,False,True,False,True,False,True,False,True
1335,1642,False,True,False,True,False,True,False,True,False,True
1341,1732,False,True,False,True,False,True,False,True,False,True
1354,1845,True,False,True,False,True,False,True,False,True,False
2032,2021,True,False,True,False,True,False,True,False,True,False
2140,2153,False,True,False,True,False,True,False,True,False,True
1361,2011,False,True,False,True,False,True,False,True,False,True
2119,2107,True,False,True,False,True,False,True,False,True,False
2034,2083,True,False,True,False,True,False,True,False,True,False
2148,2258,False,False,False,False,False,False,False,False,False,False
2535,2371,True,False,True,False,True,False,True,False,True,False
2537,2425,True,False,True,False,True,False,True,False,True,False
2319,2354,False,True,False,True,False,True,False,True,False,True
2665,2500,True,False,True,False,True,False,True,False,True,False
2744,2542,True,False,True,False,True,False,True,False,True,False
2790,2581,False,True,False,True,False,True,False,True,False,True
2833,2685,True,False,True,False,True,False,True,False,True,False
2966,2693,True,False,True,False,True,False,True,False,True,False
2964,2692,True,False,True,False,True,False,True,False,True,False
3719,2820,True,False,True,False,True,False,True,False,True,False
3108,2698,True,False,True,False,True,False,True,False,True,False
3501,2709,True,False,True,False,True,False,True,False,True,False
3712,2712,True,False,True,False,True,False,True,False,True,False
3145,2706,True,False,True,False,True,False,True,False,True,False
3802,2933,True,False,True,False,True,False,True,False,True,False
3906,3111,False,True,False,True,False,True,False,True,False,True
3972,3117,False,False,False,True,False,True,False,True,False,True
3867,3073,False,True,False,True,False,True,False,True,False,True
3982,3129,False,True,False,True,False,True,False,True,False,True
4094,3236,True,False,True,False,True,False,True,False,True,False
4388,3591,False,True,False,True,False,True,False,True,False,True
4152,3247,False,True,False,True,False,True,False,True,False,True
4242,3482,True,False,True,False,True,False,True,False,True,False
4227,3451,False,True,False,True,False,True,False,True,False,True
4711,3679,True,False,True,False,True,False,False,True,False,True
4779,3695,False,True,False,True,False,True,False,True,False,True
5009,3697,True,False,False,False,False,False,False,False,False,False
5013,3778,False,True,False,True,False,True,False,True,False,True
4699,3676,True,False,True,False,True,False,True,False,True,False
5471,3781,False,True,False,True,False,True,False,True,False,True
5804,3981,False,True,False,True,False,True,False,True,False,True
5988,4011,False,True,False,True,False,True,False,True,False,True
5538,3794,False,True,False,True,False,True,False,True,False,True
5654,3800,True,False,True,False,True,False,True,False,True,False
6056,4129,True,False,True,False,True,False,True,False,True,False
6105,4374,True,False,True,False,True,False,True,False,True,False
6174,4386,False,True,False,True,False,True,False,True,False,True
6031,4102,True,False,True,False,True,False,True,False,True,False
6158,4381,True,False,True,False,True,False,True,False,True,False
6206,4397,True,False,False,False,False,False,False,True,False,True
6186,4395,True,False,True,False,True,False,True,False,True,False
6249,4401,True,False,True,False,True,False,True,False,True,False
6651,4407,False,True,False,True,False,True,False,True,False,True
6664,4422,True,False,True,False,True,False,True,False,True,False
6746,4461,True,False,True,False,True,False,True,False,True,False
7177,4705,False,True,False,True,False,True,False,True,False,True
6961,4463,True,False,True,False,True,False,True,False,True,False
7037,4510,False,True,False,True,False,True,False,True,False,True
7188,4884,False,True,False,True,False,True,False,True,False,True
7525,5098,True,False,True,False,True,False,True,False,True,False
7783,5163,True,False,True,False,True,False,True,False,True,False
7719,5137,True,False,True,False,True,False,True,False,True,False
7807,5252,True,False,True,False,True,False,True,False,True,False
7597,5115,False,True,False,True,False,True,False,True,False,True
8053,5405,True,False,True,False,True,False,True,False,True,False
7822,5286,True,False,True,False,True,False,True,False,True,False
8034,5320,False,True,False,True,False,True,False,True,False,True
8119,5540,False,True,False,True,False,True,False,True,False,True
8046,5347,False,True,False,True,False,True,False,True,False,True
8398,5789,False,True,False,True,False,True,False,True,False,True
8184,5572,True,True,True,False,True,False,True,False,True,False
8458,5819,True,False,True,False,True,False,True,False,True,False
8168,5564,True,False,True,False,True,False,True,False,True,False
8276,5788,True,True,False,False,False,False,False,True,False,True
8751,6306,True,False,True,False,True,False,True,False,True,False
8515,6062,False,True,False,True,False,True,False,True,False,True
8556,6285,True,False,True,False,True,False,True,False,True,False
8864,6340,True,False,True,False,True,False,True,False,True,False
8464,5856,True,False,True,False,True,False,True,False,True,False
8977,6632,True,False,True,False,True,False,True,False,True,False
9077,6709,False,True,False,True,False,True,False,True,False,True
8869,6455,True,False,True,False,True,False,True,False,True,False
8967,6617,True,False,True,False,True,False,True,False,True,False
9006,6641,False,True,False,True,False,True,False,True,False,True
9446,6725,False,True,False,True,False,True,False,True,False,True
9640,6756,False,True,False,True,False,True,False,True,False,True
9736,6823,True,False,True,False,True,False,True,False,True,False
9518,6753,True,False,True,False,True,False,True,False,True,False
9862,6882,False,True,False,True,False,True,False,True,False,True
9937,7138,False,True,False,True,False,True,False,True,False,True
9914,7035,True,False,True,False,True,False,True,False,True,False
9877,6941,True,False,True,False,True,False,True,False,True,False
9930,7132,True,False,True,False,True,False,True,False,True,False
9882,6950,False,True,True,False,True,False,True,True,True,True
10010,7584,False,True,False,True,False,True,False,True,False,True
10240,7596,True,False,True,False,True,False,True,False,True,False
10164,7593,False,True,False,True,False,True,False,True,False,True
10255,7602,True,False,True,False,True,False,True,False,True,False
9982,7169,False,True,False,True,False,True,False,True,False,True
10996,7905,True,False,True,False,True,False,True,False,True,False
11268,7908,True,False,True,False,True,False,True,False,True,False
10914,7899,True,False,True,False,True,False,True,False,True,False
10646,7715,True,False,True,False,True,False,True,False,True,False
10817,7893,True,False,True,False,True,False,True,False,True,False
11281,7909,False,True,False,True,False,True,False,True,False,True
11625,7914,True,False,True,False,True,False,True,False,True,False
11642,8003,True,False,True,False,True,False,True,False,True,False
11649,8174,True,False,True,False,True,False,True,False,True,False
11630,7991,True,False,True,False,True,False,True,False,True,False
11708,8307,False,True,False,True,False,True,False,True,False,True
12194,8399,True,False,True,False,True,False,True,False,True,False
11700,8291,True,False,True,False,True,False,True,False,True,False
11718,8397,True,False,True,False,True,False,True,False,True,False
12339,8436,False,True,False,True,False,True,False,True,False,True
12763,8539,False,True,False,True,False,True,False,True,False,True
12883,8632,False,True,False,True,False,True,False,True,False,True
12703,8455,False,True,False,True,False,True,False,True,False,True
12877,8555,True,False,True,False,True,False,True,False,True,False
12487,8450,True,False,True,False,True,False,True,False,True,False
13277,8899,True,False,True,False,True,False,True,False,True,False
12889,8673,False,True,False,True,False,True,False,True,False,True
12901,8838,True,False,True,False,True,False,True,False,True,False
13260,8894,False,True,False,True,False,True,False,True,False,True
12898,8801,False,True,False,True,False,True,False,True,False,True
13351,8949,True,False,True,False,True,False,True,False,True,False
13697,9216,False,True,False,True,False,True,False,True,False,True
13699,9735,False,True,False,True,False,True,False,True,False,True
13366,9131,False,True,False,True,False,True,False,True,False,True
13634,9152,True,False,True,False,True,False,True,False,True,False
14222,9979,True,False,True,False,True,False,True,False,True,False
13765,9804,True,False,True,False,True,False,True,False,True,False
14152,9957,True,False,True,False,True,False,True,False,True,False
14077,9893,True,False,True,False,True,False,True,False,True,False
14233,9995,True,False,True,False,True,False,True,False,True,False
14355,10012,True,False,True,False,True,False,True,False,True,False
14385,10013,True,False,True,False,True,False,True,False,True,False
14388,10052,True,False,True,False,True,False,True,False,True,False
14399,10097,True,True,False,True,False,True,False,False,False,False
14406,10153,True,False,True,False,True,False,True,False,True,False
14879,11114,True,False,True,False,True,False,True,False,True,False
14530,10816,False,True,False,True,False,True,False,True,False,True
14549,10969,True,False,True,False,True,False,True,False,True,False
14859,11098,False,True,False,True,False,True,False,True,False,True
14515,10177,True,False,True,False,True,False,True,False,True,False
14944,11177,False,True,False,True,False,True,False,True,False,True
14945,11189,True,False,True,False,True,False,True,False,True,False
15043,11270,True,False,True,False,True,False,True,False,True,False
15021,11191,True,False,True,False,True,False,True,False,True,False
15089,11317,False,True,False,True,False,True,False,True,False,True
15435,11659,False,True,False,True,False,True,False,True,False,True
15444,11727,True,False,True,False,True,False,True,False,True,False
15193,11546,False,True,False,True,False,True,False,True,False,True
15296,11641,True,True,True,True,True,True,False,True,False,True
15468,11730,False,True,False,True,False,True,False,True,False,True
15494,11961,False,True,False,True,False,True,False,True,False,True
15624,11989,False,True,False,True,False,True,False,True,False,True
15647,11997,False,True,False,True,False,True,False,True,False,True
15551,11985,False,True,False,True,False,True,False,True,False,True
15502,11965,False,True,False,True,False,True,False,True,False,True
15937,12399,True,False,True,False,True,False,True,False,True,False
15688,11999,False,True,False,True,False,True,False,True,False,True
16157,12548,False,False,True,False,True,False,True,False,True,False
15793,12390,False,True,False,True,False,True,False,True,False,True
15956,12476,True,False,True,False,True,False,True,False,True,False
16444,12577,False,True,False,True,False,True,False,True,False,True
16332,12565,True,False,True,False,True,False,True,False,True,False
16522,12615,False,True,False,True,False,True,False,True,False,True
16470,12612,True,False,True,False,True,False,True,False,True,False
16446,12610,True,False,True,False,True,False,True,False,True,False
16600,12616,True,False,True,False,True,False,True,False,True,False
16767,12667,False,True,False,True,False,True,False,True,False,True
16862,12807,False,True,False,True,False,True,False,True,False,True
16601,12618,True,False,True,False,True,False,True,False,True,False
16836,12704,True,False,True,False,True,False,True,False,True,False
16913,12813,False,True,False,True,False,True,False,True,False,True
16911,12811,False,True,False,True,False,True,False,True,False,True
17070,12819,False,True,False,True,False,True,False,True,False,True
17127,12886,True,False,True,False,True,False,True,False,True,False
17129,12888,True,False,True,False,True,False,True,False,True,False
17130,12891,True,False,True,False,True,False,True,False,True,False
17324,13140,False,True,False,True,False,True,False,True,False,True
17457,13273,False,True,False,True,False,True,False,True,False,True
17157,13117,True,False,True,False,True,False,True,False,True,False
17337,13220,False,True,False,True,False,True,False,True,False,True
17472,13289,True,False,True,False,True,False,True,False,True,False
17527,13507,False,True,False,True,False,True,False,True,False,True
17589,13686,False,True,False,True,False,True,False,True,False,True
17478,13500,False,True,False,True,False,True,False,True,False,True
17573,13684,False,True,False,True,False,True,False,True,False,True
17613,13965,True,False,True,False,True,False,True,False,True,False
17619,13999,True,False,True,False,True,False,True,False,True,False
17604,13817,True,False,True,False,True,False,True,False,True,False
17593,13792,False,True,False,True,False,True,False,True,False,True
17616,13978,False,True,False,True,False,True,False,True,False,True
17856,14124,False,True,False,True,False,True,False,True,False,True
17851,14112,False,True,False,True,False,True,False,True,False,True
17679,14096,True,False,True,False,True,False,True,False,True,False
17645,14055,False,True,False,True,False,True,False,True,False,True
17666,14059,True,False,True,False,True,False,True,False,True,False
17857,14131,False,True,False,True,False,True,False,True,False,True
17922,14273,True,False,True,False,True,False,True,False,True,False
17941,14362,True,False,True,False,True,False,True,False,True,False
18239,14404,False,True,False,True,False,True,False,True,False,True
17878,14254,True,False,True,False,True,False,True,False,True,False
18248,14448,True,False,True,False,True,False,True,False,True,False
18709,14772,False,True,False,True,False,True,False,True,False,True
18385,14661,True,False,True,False,True,False,True,False,True,False
18438,14698,False,True,False,True,False,True,False,True,False,True
18365,14586,True,False,True,False,True,False,True,False,True,False
19456,14912,True,False,True,False,True,False,True,False,True,False
19691,14917,False,True,False,True,False,True,False,True,False,True
19039,14905,False,True,False,True,False,True,False,True,False,True
19731,15026,False,True,False,True,False,True,False,True,False,True
18818,14847,False,True,False,True,False,True,False,True,False,True
19911,15315,True,False,True,False,True,False,True,False,True,False
19749,15066,False,True,False,True,False,True,False,True,False,True
19750,15110,False,True,False,True,False,True,False,True,False,True
19904,15297,True,False,True,False,True,False,True,False,True,False
19818,15192,False,True,False,True,False,True,False,True,False,True
19914,15345,False,True,False,True,False,True,False,True,False,True
19916,15413,True,False,True,False,True,False,True,False,True,False
20084,15538,False,True,False,True,False,True,False,True,False,True
20512,15582,False,True,False,True,False,True,False,True,False,True
19984,15524,False,True,False,True,False,True,False,True,False,True
20962,15606,True,False,True,False,True,False,True,False,True,False
20798,15604,False,True,False,True,False,True,False,True,False,True
20735,15585,True,False,True,False,True,False,True,False,True,False
20964,15610,False,True,False,True,False,True,False,True,False,True
20970,15847,True,False,True,False,True,False,True,False,True,False
20981,16037,False,True,False,True,False,True,False,True,False,True
21000,16071,True,False,True,False,True,False,True,False,True,False
20973,15911,False,True,False,True,False,True,False,True,False,True
20982,16039,False,True,False,True,False,True,False,True,False,True
20976,15945,False,True,False,True,False,True,False,True,False,True
22145,16093,True,False,True,False,True,False,True,False,True,False
21672,16085,True,False,True,False,True,False,True,False,True,False
22051,16089,False,True,False,True,False,True,False,True,False,True
22058,16092,True,False,True,False,True,False,True,False,True,False
21527,16074,True,False,True,False,True,False,True,False,True,False
22573,16344,True,False,True,False,True,False,True,False,True,False
22517,16285,False,True,False,True,False,True,False,True,False,True
22364,16105,True,False,True,False,True,False,True,False,True,False
22651,16348,True,False,True,False,True,False,True,False,True,False
22441,16174,True,False,True,False,True,False,True,False,True,False
23163,16525,True,False,True,False,True,False,True,False,True,False
22664,16521,True,False,True,False,True,False,True,False,True,False
22658,16350,True,False,True,False,True,False,True,False,True,False
22679,16523,True,False,True,False,True,False,True,False,True,False
23192,16530,True,False,True,False,True,False,True,False,True,False
23408,16610,True,False,True,False,True,False,True,False,True,False
23221,16540,True,False,True,False,True,False,True,False,True,False
23606,16816,True,False,True,False,True,False,True,False,True,False
23262,16545,True,False,True,False,True,False,True,False,True,False
23265,16563,True,False,True,False,True,False,True,False,True,False
23799,17152,False,True,False,True,False,True,False,True,False,True
23677,17024,False,True,False,True,False,True,False,True,False,True
23649,16837,False,True,False,True,False,True,False,True,False,True
23772,17028,True,True,True,False,True,False,True,False,True,False
23777,17049,True,False,True,False,True,False,True,False,True,False
23868,17165,True,True,True,True,True,True,True,True,True,True
24187,17254,True,False,True,False,True,False,True,False,True,False
23972,17241,False,False,False,False,False,False,False,False,False,False
23850,17158,True,False,True,False,True,False,True,False,True,False
24230,17265,True,False,True,False,True,False,True,False,True,False
24367,17371,True,False,True,False,True,False,True,False,True,False
24258,17294,True,False,True,False,True,False,True,False,True,False
24546,17630,False,True,False,True,False,True,False,True,False,True
24397,17617,False,True,False,True,False,True,False,True,False,True
24396,17608,False,True,False,True,False,True,False,True,False,True
24830,17728,True,True,True,True,True,True,False,True,False,True
24645,17690,True,False,True,False,True,False,True,False,True,False
24765,17727,False,True,False,True,False,True,False,True,False,True
25335,17747,False,True,False,True,False,True,False,True,False,True
24913,17746,True,False,True,False,True,False,True,False,True,False
26115,18017,True,False,True,False,True,False,True,False,True,False
25596,17771,False,True,False,True,False,True,False,True,False,True
25730,17782,True,False,True,False,True,False,True,False,True,False
25856,17835,False,True,False,True,False,True,False,True,False,True
25984,17879,False,True,False,True,False,True,False,True,False,True
26487,18367,True,False,True,False,True,False,True,False,True,False
26228,18173,True,False,True,False,True,False,True,False,True,False
26279,18347,True,False,True,False,True,False,True,False,True,False
26209,18168,True,False,True,False,True,False,True,False,True,False
26281,18364,False,True,False,True,False,True,False,True,False,True
26552,18586,True,False,True,False,True,False,True,False,True,False
26633,18587,True,False,True,False,True,False,True,False,True,False
26672,18605,False,True,False,True,False,True,False,True,False,True
26541,18532,False,True,False,True,False,True,False,True,False,True
26551,18551,True,False,True,False,True,False,True,False,True,False
26751,18755,False,True,False,True,False,True,False,True,False,True
26752,18806,True,False,True,False,True,False,True,False,True,False
27008,18821,True,False,True,False,True,False,True,False,True,False
26941,18819,False,True,False,True,False,True,False,True,False,True
26904,18816,True,False,True,False,True,False,True,False,True,False
27121,18839,True,False,True,False,True,False,True,False,True,False
27595,19295,True,False,True,False,True,False,True,False,True,False
27157,18854,False,True,False,True,False,True,False,True,False,True
27199,19029,False,True,False,True,False,True,False,True,False,True
27429,19147,True,False,True,False,True,False,True,False,True,False
27905,19635,True,False,True,False,True,False,True,False,True,False
27869,19399,False,True,False,True,False,True,False,True,False,True
27962,19728,False,True,False,True,False,True,False,True,False,True
27966,19843,True,False,True,False,True,False,True,False,True,False
28073,20025,True,False,True,False,True,False,True,False,True,False
28144,20051,True,False,True,False,True,False,True,False,True,False
28436,20145,True,False,True,False,True,False,True,False,True,False
28754,20196,True,False,True,False,True,False,True,False,True,False
29057,20248,False,True,False,True,False,True,False,True,False,True
28249,20143,True,False,True,False,True,False,True,False,True,False
29134,20293,False,True,False,True,False,True,False,True,False,True
29136,20312,False,True,False,True,False,True,False,True,False,True
29182,20431,False,True,False,True,False,True,False,True,False,True
29435,20720,True,False,True,False,True,False,True,False,True,False
29249,20718,True,False,True,False,True,False,True,False,True,False
30352,21588,False,True,False,True,False,True,False,True,False,True
29916,21352,False,False,False,False,False,False,False,False,False,False
29808,20788,False,True,False,True,False,True,False,True,False,True
30228,21546,True,False,True,False,True,False,True,False,True,False
30083,21428,True,False,True,False,True,False,True,False,True,False
30405,21601,True,False,True,False,True,False,True,False,True,False
30475,21636,False,True,False,True,False,True,False,True,False,True
30427,21629,True,False,True,False,True,False,True,False,True,False
30480,21673,False,True,False,True,False,True,False,True,False,True
30597,21716,True,False,True,False,True,False,True,False,True,False
30746,21965,True,False,True,False,True,False,True,False,True,False
30641,21799,False,True,False,True,False,True,False,True,False,True
30598,21717,True,False,True,False,True,False,True,False,True,False
30667,21941,True,False,True,False,True,False,True,False,True,False
30767,21996,True,False,True,False,True,False,True,False,True,False
31336,22243,True,False,True,False,True,False,True,False,True,False
31337,22309,False,True,False,True,False,True,False,True,False,True
30961,22030,True,False,True,False,True,False,True,False,True,False
30855,22014,True,False,True,False,True,False,True,False,True,False
31239,22124,True,False,True,False,True,False,True,False,True,False
31508,22443,False,True,False,True,False,True,False,True,False,True
31501,22440,False,True,False,True,False,True,False,True,False,True
31382,22327,True,False,True,False,True,False,True,False,True,False
31497,22349,False,True,False,True,False,True,False,True,False,True
31509,22450,False,True,False,True,False,True,False,True,False,True
31530,22462,True,False,True,False,True,False,True,False,True,False
31583,22493,True,False,True,False,True,False,True,False,True,False
31594,22521,True,False,True,False,True,False,True,False,True,False
31599,22582,True,False,True,False,True,False,True,False,True,False
31578,22489,True,False,True,False,True,False,True,False,True,False
31715,22589,False,True,False,True,False,True,False,True,False,True
31786,22590,True,False,True,False,True,False,True,False,True,False
31974,22692,True,False,True,False,True,False,True,False,True,False
31689,22583,True,False,True,False,True,False,True,False,True,False
31813,22603,True,False,True,False,True,False,True,False,True,False
32278,22864,True,False,True,False,True,False,True,False,True,False
32309,22865,True,False,True,False,True,False,True,False,True,False
32155,22822,True,False,True,False,True,False,True,False,True,False
32186,22850,True,False,True,False,True,False,True,False,True,False
32274,22855,True,False,True,False,True,False,True,False,True,False
33056,22924,False,True,False,True,False,True,False,True,False,True
32354,22888,True,False,True,False,True,False,True,False,True,False
32432,22898,False,True,False,True,False,True,False,True,False,True
32709,22916,True,False,True,False,True,False,True,False,True,False
32484,22909,False,True,False,True,False,True,False,True,False,True
33197,22930,False,True,False,True,False,True,False,True,False,True
33506,23282,True,False,True,False,True,False,True,False,True,False
33215,22992,True,False,True,False,True,False,True,False,True,False
33295,23240,False,True,False,True,False,True,False,True,False,True
33349,23244,False,True,False,True,False,True,False,True,False,True
33517,23289,False,True,False,True,False,True,False,True,False,True
33562,23296,True,False,True,False,True,False,True,False,True,False
33613,23422,False,True,False,True,False,True,False,True,False,True
33581,23352,True,False,True,False,True,False,True,False,True,False
33734,23516,True,False,True,False,True,False,True,False,True,False
34332,23581,False,False,False,False,False,False,False,False,False,False
34274,23580,True,False,True,False,True,False,True,False,True,False
34104,23561,False,True,False,True,False,True,False,True,False,True
34167,23567,False,True,False,True,False,True,False,True,False,True
34485,23725,True,True,True,True,True,True,True,True,True,True
34776,23869,False,True,False,True,False,True,False,True,False,True
34989,23968,False,True,False,True,False,True,False,True,False,True
35022,24016,False,True,False,True,False,True,False,True,False,True
34859,23941,True,False,True,False,True,False,True,False,True,False
34772,23845,True,True,False,True,False,True,False,True,False,True
35389,24235,False,True,False,True,False,True,False,True,False,True
35083,24023,False,True,False,True,False,True,False,True,False,True
35214,24219,False,True,False,True,False,True,False,True,False,True
35210,24030,True,False,True,False,True,False,True,False,True,False
35225,24223,False,True,False,True,False,True,False,True,False,True
35397,24241,False,True,False,True,False,True,False,True,False,True
35411,24267,True,False,True,False,True,False,True,False,True,False
35537,24441,False,True,False,True,False,True,False,True,False,True
35696,24571,True,False,True,False,True,False,True,False,True,False
35528,24422,True,False,True,False,True,False,True,False,True,False
35825,24599,True,False,True,False,True,False,True,False,True,False
35890,24616,True,False,True,False,True,False,True,False,True,False
36116,24767,True,False,True,False,True,False,True,False,True,False
36259,24868,False,True,False,True,False,True,False,True,False,True
36008,24658,False,True,False,True,False,True,False,True,False,True
36337,24988,False,True,False,True,False,True,False,True,False,True
36418,25103,True,False,True,False,True,False,True,False,True,False
36527,25120,False,True,False,True,False,True,False,True,False,True
36631,25289,True,False,True,False,True,False,True,False,True,False
36282,24889,True,False,True,False,True,False,True,False,True,False
36685,25511,True,False,True,False,True,False,True,False,True,False
36876,25649,True,False,True,False,True,False,True,False,True,False
36660,25319,False,True,False,True,False,True,False,True,False,True
36732,25577,True,False,True,False,True,False,True,False,True,False
36634,25313,True,False,True,False,True,False,True,False,True,False
36898,25675,False,True,False,True,False,True,False,True,False,True
37008,25762,True,False,True,False,True,False,True,False,True,False
37115,25763,True,False,True,False,True,False,True,False,True,False
37235,25807,False,True,False,True,False,True,False,True,False,True
37194,25791,True,False,True,False,True,False,True,False,True,False
37758,26320,True,False,True,False,True,False,True,False,True,False
37392,26222,True,False,True,False,True,False,True,False,True,False
37711,26264,True,False,True,False,True,False,True,False,True,False
37384,26080,True,False,True,False,True,False,True,False,True,False
37624,26236,True,False,True,False,True,False,True,False,True,False
38002,26540,True,False,True,False,True,False,True,False,True,False
37769,26413,True,False,True,False,True,False,True,False,True,False
38003,26665,True,False,True,False,True,False,True,False,True,False
37830,26528,False,True,False,True,False,True,False,True,False,True
38125,26678,False,True,False,True,False,True,False,True,False,True
38276,27216,True,False,True,False,True,False,True,False,True,False
38142,26761,False,True,False,True,False,True,False,True,False,True
38206,26822,True,False,True,False,True,False,True,False,True,False
38274,27053,True,False,True,False,True,False,True,False,True,False
38251,26984,False,True,False,True,False,True,False,True,False,True
38446,27372,False,True,False,True,False,True,False,True,False,True
38469,27608,False,True,False,True,False,True,False,True,False,True
38333,27280,True,False,True,False,True,False,True,False,True,False
38449,27593,False,True,False,True,False,True,False,True,False,True
38487,27619,False,True,False,True,False,True,False,True,False,True
38694,27801,False,True,False,True,False,True,False,True,False,True
38671,27783,False,True,False,True,False,True,False,True,False,True
38733,27862,False,True,False,True,False,True,False,True,False,True
38953,27880,False,True,False,True,False,True,False,True,False,True
38555,27779,False,True,False,True,False,True,False,True,False,True
38970,28038,True,False,True,False,True,False,True,False,True,False
39653,28366,True,False,True,False,True,False,True,False,True,False
39134,28146,False,True,False,True,False,True,False,True,False,True
39463,28353,True,False,True,False,True,False,True,False,True,False
39243,28346,False,True,False,True,False,True,False,True,False,True
40056,29240,False,True,False,True,False,True,False,True,False,True
39890,28991,True,False,True,False,True,False,True,False,True,False
39831,28368,False,False,True,False,True,False,True,False,True,False
40099,29330,True,False,True,False,True,False,True,False,True,False
40096,29242,True,False,True,False,True,False,True,False,True,False
40233,29512,False,True,False,True,False,True,False,True,False,True
40802,29585,True,False,True,False,True,False,True,False,True,False
40857,29649,False,True,False,True,False,True,False,True,False,True
40813,29637,True,False,True,False,True,False,True,False,True,False
40107,29347,True,True,False,True,False,True,False,True,False,True
41489,29873,True,False,True,False,True,False,True,False,True,False
41487,29859,True,False,True,False,True,False,True,False,True,False
41040,29668,False,True,False,True,False,True,False,True,False,True
41386,29793,True,False,True,False,True,False,True,False,True,False
41483,29857,False,True,False,True,False,True,False,True,False,True
41510,29887,True,False,True,True,True,True,False,True,False,True
42249,30076,True,False,True,False,True,False,True,False,True,False
41949,29957,True,False,True,False,True,False,True,False,True,False
41502,29874,False,True,False,True,False,True,False,True,False,True
41506,29885,False,True,False,True,False,True,False,True,False,True
42907,30176,True,False,True,False,True,False,True,False,True,False
42274,30078,True,False,True,False,True,False,True,False,True,False
43079,30233,True,False,True,False,True,False,True,False,True,False
42493,30079,True,False,True,False,True,False,True,False,True,False
42772,30172,False,True,False,True,False,True,False,True,False,True
43094,30257,True,True,True,True,True,True,False,True,False,True
43183,30268,True,False,True,False,True,False,True,False,True,False
43397,30686,True,False,True,False,True,False,True,False,True,False
43189,30326,True,False,True,False,True,False,True,False,True,False
43267,30677,True,False,True,False,True,False,True,False,True,False
43745,30744,False,True,False,True,False,True,False,True,False,True
43793,30745,False,True,False,True,False,True,False,True,False,True
43579,30709,False,True,False,True,False,True,False,True,False,True
43618,30732,False,True,False,True,False,True,False,True,False,True
43896,30747,True,False,True,False,True,False,True,False,True,False
43969,31039,True,False,True,False,True,False,True,False,True,False
44106,31129,False,True,False,True,False,True,False,True,False,True
44210,31130,False,True,False,True,False,True,False,True,False,True
44363,31168,False,True,False,True,False,True,False,True,False,True
44403,31171,False,True,False,True,False,True,False,True,False,True
44486,31179,False,True,False,True,False,True,False,True,False,True
44522,31220,True,False,True,False,True,False,True,False,True,False
44538,31266,True,False,True,False,True,False,True,False,True,False
44559,31342,True,False,True,False,True,False,True,False,True,False
44465,31174,True,False,True,False,True,False,True,False,True,False
44571,31595,False,True,False,True,False,True,False,True,False,True
44584,31606,False,True,False,True,False,True,False,True,False,True
44580,31602,True,False,True,False,True,False,True,False,True,False
44583,31603,True,False,True,False,True,False,True,False,True,False
44599,31769,True,False,True,False,True,False,True,False,True,False
44734,31987,False,True,False,True,False,True,False,True,False,True
44710,31984,True,False,True,False,True,False,True,False,True,False
44602,31857,True,False,True,False,True,False,True,False,True,False
44601,31819,True,False,True,False,True,False,True,False,True,False
44604,31861,True,False,True,False,True,False,True,False,True,False
44939,32362,False,True,False,True,False,True,False,True,False,True
44889,32352,False,True,True,False,True,False,True,False,True,False
44825,32261,False,True,False,True,False,True,False,True,False,True
44751,32078,True,False,True,False,True,False,True,False,True,False
44828,32281,False,True,False,True,False,True,False,True,False,True
45085,32511,False,False,False,False,False,False,True,False,True,False
45099,32567,False,True,False,True,False,True,False,True,False,True
44941,32374,True,False,True,False,True,False,True,False,True,False
45134,32665,False,True,False,True,False,True,False,True,False,True
45192,32778,False,True,False,True,False,True,False,True,False,True
45201,32840,True,False,True,False,True,False,True,False,True,False
45616,32939,False,True,False,True,False,True,False,True,False,True
45566,32925,False,True,False,True,False,True,False,True,False,True
45615,32937,False,True,False,True,False,True,False,True,False,True
45635,32943,False,True,False,True,False,True,False,True,False,True
46507,32953,False,True,False,True,False,True,False,True,False,True
46508,32998,False,False,False,True,False,True,False,True,False,True
46533,33227,False,True,False,True,False,True,False,True,False,True
45921,32949,True,False,True,False,True,False,True,False,True,False
46513,33206,False,True,False,True,False,True,False,True,False,True
46926,33284,False,True,False,True,False,True,False,True,False,True
46620,33254,False,True,False,True,False,True,False,True,False,True
46659,33269,False,False,True,False,True,False,True,False,True,False
46839,33276,False,True,False,True,False,True,False,True,False,True
46996,33325,True,False,True,False,True,False,True,False,True,False
47314,33329,True,False,True,False,True,False,True,False,True,False
47474,33377,False,True,False,True,False,True,False,True,False,True
47352,33369,False,True,False,True,False,True,False,True,False,True
47022,33326,True,False,True,False,True,False,True,False,True,False
47337,33366,True,False,True,False,True,False,True,False,True,False
47597,33617,True,False,True,False,True,False,True,False,True,False
47637,33704,False,False,False,True,False,True,False,True,False,True
47641,33926,False,True,False,True,False,True,False,True,False,True
47475,33574,False,True,False,True,False,True,False,True,False,True
47640,33881,False,True,False,True,False,True,False,True,False,True
47647,33936,False,True,False,True,False,True,False,True,False,True
47703,34020,False,True,False,True,False,True,False,True,False,True
47658,34019,False,True,False,True,False,True,False,True,False,True
47646,33935,False,True,False,True,False,True,False,True,False,True
47650,33945,False,True,False,True,False,True,False,True,False,True
47764,34260,True,False,True,False,True,False,True,False,True,False
47789,34286,True,False,True,False,True,False,True,False,True,False
47724,34231,False,True,False,True,False,True,False,True,False,True
47793,34353,False,True,False,True,False,True,False,True,False,True
47714,34156,True,False,True,False,True,False,True,False,True,False
48055,34421,False,True,False,True,False,True,False,True,False,True
48087,34540,False,True,False,True,False,True,False,True,False,True
48102,34614,False,True,False,True,False,True,False,True,False,True
48115,34617,False,True,False,True,False,True,False,True,False,True
47808,34420,True,False,True,True,True,True,True,True,True,True
48190,34624,False,True,False,True,False,True,False,True,False,True
48291,34630,False,True,False,True,False,True,False,True,False,True
48282,34627,True,False,True,False,True,False,True,False,True,False
48509,34691,True,False,True,False,True,False,True,False,True,False
48435,34639,False,True,False,True,False,True,False,True,False,True
48525,34695,True,False,True,False,True,False,True,False,True,False
48616,34767,False,True,False,True,False,True,False,True,False,True
48669,34857,False,True,False,True,False,True,False,True,False,True
48548,34706,False,True,False,True,False,True,False,True,False,True
48625,34768,False,True,False,True,False,True,False,True,False,True
49110,34995,False,False,True,False,True,False,True,False,True,False
48785,34994,False,True,False,True,False,True,False,True,False,True
49273,35327,True,False,True,False,True,False,True,False,True,False
49424,35379,False,True,False,True,False,True,False,True,False,True
49194,35240,True,False,True,False,True,False,True,False,True,False
49545,35716,True,False,True,False,True,False,True,False,True,False
49722,35761,False,True,False,True,False,True,True,True,True,True
49526,35703,False,True,False,True,False,True,False,True,False,True
49441,35597,False,True,False,True,False,True,False,True,False,True
49627,35760,True,False,True,False,True,False,True,False,True,False
49856,35774,True,False,True,False,True,False,True,False,True,False
49898,35902,True,False,True,False,True,False,True,False,True,False
50023,35963,True,False,True,False,True,False,True,False,True,False
49908,35908,False,True,False,True,False,True,False,True,False,True
49925,35939,False,True,False,True,False,True,False,True,False,True
50319,36040,False,True,False,True,False,True,False,True,False,True
50448,36312,False,True,False,True,False,True,False,True,False,True
50031,36007,True,False,True,False,True,False,True,False,True,False
50459,36361,True,False,True,False,True,False,True,False,True,False
50605,36434,True,False,True,False,True,False,True,False,True,False
50651,36569,True,False,True,False,True,False,True,False,True,False
50659,36599,True,False,True,False,True,False,True,False,True,False
50658,36598,True,False,True,False,True,False,True,False,True,False
50809,36613,True,False,True,False,True,False,True,False,True,False
50922,36662,False,True,False,True,False,True,False,True,False,True
50954,36751,True,False,True,False,True,False,True,False,True,False
50960,36862,False,True,False,True,False,True,False,True,False,True
50928,36666,False,True,False,True,False,True,False,True,False,True
50956,36852,True,False,True,False,True,False,True,False,True,False
50964,36917,True,False,True,False,True,False,True,False,True,False
51165,37116,False,True,False,True,False,True,False,True,False,True
50974,36920,False,True,False,True,False,True,False,True,False,True
51141,36992,False,True,False,True,False,True,False,True,False,True
51138,36932,False,True,False,True,False,True,False,True,False,True
51147,37045,False,True,False,True,False,True,False,True,False,True
51581,37180,True,False,True,False,True,False,True,False,True,False
51387,37163,True,False,True,False,True,False,True,False,True,False
51681,37212,False,True,False,True,False,True,False,True,False,True
51577,37175,True,False,True,False,True,False,True,False,True,False
51723,37312,False,True,False,True,False,True,False,True,False,True
52175,37782,False,True,False,True,False,True,False,True,False,True
51737,37397,True,False,True,False,True,False,True,False,True,False
51754,37503,False,True,False,True,False,True,False,True,False,True
52014,37738,True,False,True,False,True,False,True,False,True,False
51901,37519,True,False,True,False,True,False,True,False,True,False
52193,37812,False,True,False,True,False,True,False,True,False,True
52395,37814,True,False,True,False,True,False,True,False,True,False
52396,37831,True,False,True,False,True,False,True,False,True,False
52224,37813,True,False,True,False,True,False,True,False,True,False
52496,37833,False,True,False,True,False,True,False,True,False,True
53345,38022,True,False,True,False,True,False,True,False,True,False
52615,37837,True,False,True,False,True,False,True,False,True,False
52614,37834,False,True,False,True,False,True,False,True,False,True
53330,37962,True,False,True,False,True,False,True,False,True,False
53133,37958,False,True,False,True,False,True,False,True,False,True
53350,38110,True,False,True,False,True,False,True,False,True,False
53395,38112,True,False,True,False,True,False,True,False,True,False
53560,38116,True,False,True,False,True,False,True,False,True,False
53676,38120,True,False,True,False,True,False,True,False,True,False
53680,38124,True,False,False,False,False,False,False,False,False,False
53946,38130,True,False,True,False,True,False,True,False,True,False
53906,38127,True,False,True,False,True,False,True,False,True,False
54139,38268,False,True,False,True,False,True,False,True,False,True
54447,38269,False,True,False,True,False,True,False,True,False,True
53977,38136,True,False,True,False,True,False,True,False,True,False
55022,38363,True,False,True,False,True,False,True,False,True,False
54724,38316,False,True,False,True,False,True,False,True,False,True
55172,38421,True,False,True,False,True,False,True,False,True,False
55056,38412,True,False,True,False,True,False,True,False,True,False
54697,38303,False,True,False,True,False,True,False,True,False,True
55185,38506,False,True,False,True,False,True,False,True,False,True
55398,38538,False,True,False,True,False,True,False,True,False,True
55480,38836,True,False,True,False,True,False,True,False,True,False
55358,38537,False,True,False,True,False,True,False,True,False,True
55464,38786,False,True,False,True,False,True,False,True,False,True
55492,38901,True,False,True,False,True,False,True,False,True,False
55514,39143,False,True,False,True,False,True,False,True,False,True
55520,39264,False,True,False,True,False,True,False,True,False,True
56032,39299,True,False,True,False,True,False,True,False,True,False
55887,39283,True,False,True,False,True,False,True,False,True,False
56062,39354,False,True,False,True,False,True,False,True,False,True
56160,39459,False,True,False,True,False,True,False,True,False,True
56206,39482,False,False,True,False,True,False,True,False,True,False
56144,39380,False,True,False,True,False,True,False,True,False,True
56208,39647,False,True,False,True,False,True,False,True,False,True
56466,39809,True,False,True,False,True,False,True,False,True,False
56247,39696,True,False,True,False,True,False,True,False,True,False
56280,39703,False,True,False,True,False,True,False,True,False,True
56459,39725,True,False,True,False,True,False,True,False,True,False
56526,39820,True,False,True,False,True,False,True,False,True,False
56769,40021,True,False,True,False,True,False,True,False,True,False
56772,40031,False,True,False,True,False,True,False,True,False,True
56784,40173,True,False,True,False,True,False,True,False,True,False
56936,40174,False,True,False,True,False,True,False,True,False,True
56755,40011,True,False,True,False,True,False,True,False,True,False
57167,40242,True,False,True,False,True,False,True,False,True,False
57044,40195,True,False,True,False,True,False,True,False,True,False
57379,40590,True,False,True,False,True,False,True,False,True,False
57387,40600,True,False,True,False,True,False,True,False,True,False
57105,40212,False,True,False,True,False,True,False,True,False,True
58121,41060,True,False,True,False,True,False,True,False,True,False
57782,41051,False,True,False,True,False,True,True,False,True,False
57466,40843,False,True,False,True,False,True,False,True,False,True
57733,40898,True,False,False,False,False,False,False,False,False,False
57748,41017,True,False,True,False,True,False,True,False,True,False
58174,41135,False,True,False,True,False,True,False,True,False,True
58402,41420,True,False,True,False,True,False,True,False,True,False
58390,41407,True,False,True,False,True,False,True,False,True,False
58222,41167,False,True,False,True,False,True,False,True,False,True
58225,41404,False,True,False,True,False,True,False,True,False,True
58571,41532,False,True,False,True,False,True,False,True,False,True
58491,41482,False,True,False,True,False,True,False,True,False,True
58649,41534,False,True,False,True,False,True,False,True,False,True
58660,41543,False,True,False,True,False,True,False,True,False,True
58665,41563,True,False,True,False,True,False,True,False,True,False
58945,41906,False,True,False,True,False,True,False,True,False,True
59208,42419,False,True,False,True,False,True,False,True,False,True
59029,41958,True,False,True,False,True,False,True,False,True,False
59196,42105,False,True,False,True,False,True,False,True,False,True
58910,41901,True,False,True,False,True,False,True,False,True,False
59434,42525,True,False,True,False,True,False,True,False,True,False
59607,42689,False,True,False,True,False,True,False,True,False,True
59620,42698,False,True,False,True,False,True,False,True,False,True
59331,42476,False,True,False,True,False,True,False,True,False,True
59350,42481,False,True,False,True,False,True,False,True,False,True
60087,42816,True,False,True,False,True,False,True,False,True,False
59642,42764,True,False,True,False,True,False,True,False,True,False
60283,42823,True,False,True,False,True,False,True,False,True,False
59641,42748,True,False,True,False,True,False,True,False,True,False
59704,42814,True,False,True,False,True,False,True,False,True,False
60329,42825,False,True,False,True,False,True,False,True,False,True
60347,42874,False,True,False,True,False,True,False,True,False,True
60343,42833,True,False,True,False,True,False,True,False,True,False
