318,100,False,False,False,False,False,False,False,False,False,False
411,189,False,True,False,True,False,True,False,True,False,True
399,147,True,False,True,False,True,False,False,False,False,False
400,148,True,True,True,True,True,True,True,True,True,True
489,337,True,True,True,True,True,True,True,True,True,True
708,501,True,False,True,True,True,True,True,True,True,True
578,486,True,True,False,True,False,True,False,True,False,True
696,498,False,False,True,True,True,True,True,True,True,True
729,522,False,True,True,True,True,True,True,True,True,True
727,513,False,True,True,True,True,True,True,True,True,True
732,597,False,True,False,True,False,True,False,True,False,True
744,709,False,True,True,True,True,True,False,True,False,True
745,757,False,True,True,True,True,True,True,True,True,True
944,759,True,False,True,False,True,False,True,True,True,True
975,914,False,False,True,False,True,False,True,False,True,False
986,932,True,True,False,False,False,False,False,False,False,False
1020,940,True,True,True,True,True,True,True,True,True,True
978,918,True,False,True,False,True,False,True,False,True,False
982,921,False,True,False,False,False,False,False,False,False,False
984,924,False,True,True,False,True,False,True,False,True,False
1245,1061,True,False,True,True,True,True,True,False,True,False
1199,1025,True,True,True,True,True,True,True,True,True,True
1108,968,True,True,True,True,True,True,True,True,True,True
1109,1003,True,True,True,True,True,True,True,True,True,True
1160,1018,True,False,True,False,True,False,True,True,True,True
1247,1246,False,False,True,True,True,True,False,True,False,True
1251,1259,True,False,True,False,True,False,True,False,True,False
1269,1347,False,True,False,True,False,True,False,True,False,True
1272,1518,False,True,True,True,True,True,True,True,True,True
1333,1536,False,True,True,True,True,True,True,True,True,True
1359,2001,True,True,True,True,True,True,True,True,True,True
1356,1994,True,True,True,True,True,True,False,True,False,True
1335,1642,True,False,True,False,True,False,True,False,True,False
1341,1732,False,True,True,True,True,True,True,True,True,True
1354,1845,True,False,True,False,True,False,True,False,True,False
2032,2021,True,False,True,False,True,False,True,False,True,False
2140,2153,False,True,True,True,True,True,True,True,True,True
1361,2011,False,True,False,True,False,True,False,True,False,True
2119,2107,False,True,True,True,True,True,False,True,False,True
2034,2083,False,True,True,True,True,True,True,True,True,True
2148,2258,False,True,False,True,False,True,False,True,False,True
2535,2371,True,False,True,False,True,False,True,False,True,False
2537,2425,True,False,True,False,True,False,True,False,True,False
2319,2354,True,False,True,True,True,True,True,True,True,True
2665,2500,True,True,True,True,True,True,False,True,False,True
2744,2542,True,False,True,False,True,False,True,False,True,False
2790,2581,True,False,True,False,True,False,True,False,True,False
2833,2685,True,True,True,True,True,True,True,True,True,True
2966,2693,True,False,True,True,True,True,True,True,True,True
2964,2692,True,False,True,True,True,True,True,True,True,True
3719,2820,True,True,True,True,True,True,True,True,True,True
3108,2698,True,True,True,False,True,False,True,False,True,False
3501,2709,True,False,True,True,True,True,True,True,True,True
3712,2712,True,False,True,True,True,True,True,True,True,True
3145,2706,True,False,True,True,True,True,True,True,True,True
3802,2933,True,True,True,True,True,True,True,True,True,True
3906,3111,True,False,True,False,True,False,True,True,True,True
3972,3117,True,True,True,True,True,True,True,True,True,True
3867,3073,True,False,True,False,True,False,True,True,True,True
3982,3129,False,True,True,True,True,True,True,True,True,True
4094,3236,True,True,True,True,True,True,True,True,True,True
4388,3591,True,True,True,True,True,True,True,True,True,True
4152,3247,False,True,False,True,False,True,False,True,False,True
4242,3482,True,True,True,True,True,True,True,True,True,True
4227,3451,False,True,False,True,False,True,False,True,False,True
4711,3679,False,True,True,True,True,True,True,True,True,True
4779,3695,True,True,True,True,True,True,True,True,True,True
5009,3697,True,False,True,True,True,True,True,True,True,True
5013,3778,False,True,False,True,False,True,False,True,False,True
4699,3676,True,False,True,True,True,True,True,True,True,True
5471,3781,True,False,True,True,True,True,True,True,True,True
5804,3981,True,False,True,False,True,False,True,False,True,False
5988,4011,True,True,True,True,True,True,True,False,True,False
5538,3794,True,True,True,False,True,False,True,False,True,False
5654,3800,False,True,True,False,True,False,True,False,True,False
6056,4129,True,False,True,True,True,True,True,False,True,False
6105,4374,True,True,True,True,True,True,True,True,True,True
6174,4386,True,True,True,True,True,True,True,True,True,True
6031,4102,False,True,True,True,True,True,False,True,False,True
6158,4381,False,True,True,True,True,True,True,True,True,True
6206,4397,True,True,True,True,True,True,True,True,True,True
6186,4395,True,True,True,False,True,False,True,False,True,False
6249,4401,True,False,True,True,True,True,True,True,True,True
6651,4407,True,False,True,True,True,True,True,True,True,True
6664,4422,True,False,True,False,True,False,True,False,True,False
6746,4461,True,False,True,False,True,False,True,False,True,False
7177,4705,False,True,True,True,True,True,True,True,True,True
6961,4463,True,True,True,True,True,True,True,True,True,True
7037,4510,True,False,True,False,True,False,True,False,True,False
7188,4884,False,True,True,True,True,True,True,True,True,True
7525,5098,True,True,False,True,False,True,False,True,False,True
7783,5163,False,True,True,True,True,True,True,True,True,True
7719,5137,True,False,True,False,True,False,True,False,True,False
7807,5252,True,True,True,True,True,True,True,True,True,True
7597,5115,True,True,True,True,True,True,True,True,True,True
8053,5405,True,True,True,True,True,True,True,True,True,True
7822,5286,True,True,True,True,True,True,True,True,True,True
8034,5320,True,False,True,False,True,False,True,False,True,False
8119,5540,False,True,True,True,True,True,True,True,True,True
8046,5347,True,True,True,True,True,True,True,True,True,True
8398,5789,True,True,True,True,True,True,True,True,True,True
8184,5572,False,True,False,True,False,True,False,True,False,True
8458,5819,False,True,False,True,False,True,False,True,False,True
8168,5564,True,True,True,True,True,True,True,True,True,True
8276,5788,True,False,True,False,True,False,True,False,True,False
8751,6306,True,True,True,True,True,True,True,True,True,True
8515,6062,True,False,False,False,False,False,False,True,False,True
8556,6285,True,True,True,True,True,True,True,True,True,True
8864,6340,True,True,True,False,True,False,True,False,True,False
8464,5856,True,False,True,False,True,False,True,False,True,False
8977,6632,True,True,True,True,True,True,True,True,True,True
9077,6709,True,True,True,True,True,True,True,True,True,True
8869,6455,True,True,True,True,True,True,True,True,True,True
8967,6617,True,True,True,True,True,True,True,True,True,True
9006,6641,True,True,True,True,True,True,True,True,True,True
9446,6725,True,False,True,True,True,True,False,True,False,True
9640,6756,True,True,True,True,True,True,True,True,True,True
9736,6823,True,False,True,False,True,False,True,False,True,False
9518,6753,False,True,True,True,True,True,True,True,True,True
9862,6882,True,False,True,False,True,False,True,False,True,False
9937,7138,True,True,True,True,True,True,True,True,True,True
9914,7035,True,False,True,False,True,False,True,False,True,False
9877,6941,False,True,True,True,True,True,True,True,True,True
9930,7132,False,True,True,True,True,True,True,True,True,True
9882,6950,False,True,True,True,True,True,True,True,True,True
10010,7584,True,True,True,False,True,False,True,False,True,False
10240,7596,True,True,True,True,True,True,True,True,True,True
10164,7593,True,True,True,True,True,True,True,True,True,True
10255,7602,True,True,True,True,True,True,True,True,True,True
9982,7169,True,True,True,True,True,True,True,True,True,True
10996,7905,True,True,True,True,True,True,False,True,False,True
11268,7908,True,True,True,True,True,True,True,True,True,True
10914,7899,True,True,True,True,True,True,True,True,True,True
10646,7715,True,False,True,True,True,True,True,True,True,True
10817,7893,True,False,True,False,True,False,True,False,True,False
11281,7909,True,False,True,False,True,False,True,False,True,False
11625,7914,True,True,True,True,True,True,False,True,False,True
11642,8003,True,True,True,True,True,True,True,True,True,True
11649,8174,True,True,True,False,True,False,True,False,True,False
11630,7991,True,True,True,False,True,False,True,False,True,False
11708,8307,True,False,True,True,True,True,True,True,True,True
12194,8399,False,False,True,True,True,True,False,True,False,True
11700,8291,True,True,True,True,True,True,True,False,True,False
11718,8397,True,False,True,True,True,True,True,True,True,True
12339,8436,True,False,True,True,True,True,True,True,True,True
12763,8539,True,False,True,False,True,False,True,False,True,False
12883,8632,True,True,True,True,True,True,True,True,True,True
12703,8455,True,True,True,True,True,True,True,True,True,True
12877,8555,True,True,True,True,True,True,True,True,True,True
12487,8450,True,True,True,True,True,True,True,True,True,True
13277,8899,True,False,True,True,True,True,True,True,True,True
12889,8673,True,False,True,True,True,True,False,True,False,True
12901,8838,True,False,True,True,True,True,True,True,True,True
13260,8894,False,False,True,False,True,False,True,False,True,False
12898,8801,True,True,True,True,True,True,True,False,True,False
13351,8949,True,True,True,True,True,True,True,True,True,True
13697,9216,True,True,False,True,False,True,False,True,False,True
13699,9735,True,True,True,True,True,True,True,True,True,True
13366,9131,True,False,True,False,True,False,True,False,True,False
13634,9152,True,True,True,True,True,True,True,True,True,True
14222,9979,True,True,True,True,True,True,True,True,True,True
13765,9804,True,True,True,True,True,True,True,True,True,True
14152,9957,False,True,True,True,True,True,True,True,True,True
14077,9893,False,False,True,False,True,False,True,False,True,False
14233,9995,False,True,True,True,True,True,True,True,True,True
14355,10012,True,True,True,True,True,True,False,True,False,True
14385,10013,True,False,True,True,True,True,True,True,True,True
14388,10052,True,True,True,True,True,True,True,True,True,True
14399,10097,True,False,True,True,True,True,True,True,True,True
14406,10153,False,True,True,True,True,True,True,True,True,True
14879,11114,True,True,True,True,True,True,True,True,True,True
14530,10816,True,True,True,True,True,True,True,True,True,True
14549,10969,True,False,True,False,True,False,True,False,True,False
14859,11098,False,True,True,True,True,True,True,True,True,True
14515,10177,False,True,True,True,True,True,True,True,True,True
14944,11177,True,True,True,True,True,True,True,True,True,True
14945,11189,True,False,False,True,False,True,False,True,False,True
15043,11270,True,False,False,True,False,True,False,True,False,True
15021,11191,True,True,True,True,True,True,True,True,True,True
15089,11317,True,True,True,True,True,True,True,False,True,False
15435,11659,True,True,True,True,True,True,False,True,False,True
15444,11727,True,True,True,True,True,True,True,True,True,True
15193,11546,True,True,False,True,False,True,False,True,False,True
15296,11641,True,True,True,True,True,True,True,True,True,True
15468,11730,True,True,True,True,True,True,False,True,False,True
15494,11961,True,False,True,False,True,False,True,False,True,False
15624,11989,True,True,True,True,True,True,True,True,True,True
15647,11997,True,True,True,True,True,True,True,True,True,True
15551,11985,True,True,True,True,True,True,True,False,True,False
15502,11965,True,False,True,False,True,False,True,False,True,False
15937,12399,True,True,True,True,True,True,True,True,True,True
15688,11999,True,False,True,True,True,True,False,True,False,True
16157,12548,True,True,True,True,True,True,True,True,True,True
15793,12390,True,False,True,True,True,True,True,True,True,True
15956,12476,True,True,True,True,True,True,True,True,True,True
16444,12577,True,True,True,False,True,False,True,False,True,False
16332,12565,True,True,True,True,True,True,True,True,True,True
16522,12615,True,False,True,False,True,False,True,False,True,False
16470,12612,False,True,True,True,True,True,True,True,True,True
16446,12610,False,True,True,True,True,True,True,True,True,True
16600,12616,False,True,True,False,True,False,True,False,True,False
16767,12667,True,True,True,True,True,True,True,True,True,True
16862,12807,True,True,True,True,True,True,False,True,False,True
16601,12618,True,True,True,True,True,True,True,True,True,True
16836,12704,False,True,False,True,False,True,False,True,False,True
16913,12813,True,True,True,True,True,True,True,True,True,True
16911,12811,True,True,True,True,True,True,True,True,True,True
17070,12819,True,True,True,True,True,True,True,True,True,True
17127,12886,False,True,False,True,False,True,False,True,False,True
17129,12888,True,True,False,True,False,True,False,True,False,True
17130,12891,False,True,False,True,False,True,False,True,False,True
17324,13140,True,True,True,True,True,True,True,True,True,True
17457,13273,True,True,True,True,True,True,True,True,True,True
17157,13117,True,True,True,True,True,True,True,True,True,True
17337,13220,True,False,True,True,True,True,True,True,True,True
17472,13289,True,True,True,True,True,True,True,True,True,True
17527,13507,True,False,True,False,True,False,True,False,True,False
17589,13686,True,True,True,True,True,True,False,True,False,True
17478,13500,True,True,True,True,True,True,True,True,True,True
17573,13684,True,True,True,True,True,True,True,True,True,True
17613,13965,True,True,True,True,True,True,True,True,True,True
17619,13999,True,True,True,True,True,True,True,True,True,True
17604,13817,True,False,True,True,True,True,True,True,True,True
17593,13792,False,True,False,True,False,True,False,True,False,True
17616,13978,False,True,True,True,True,True,True,True,True,True
17856,14124,True,False,True,True,True,True,True,True,True,True
17851,14112,True,False,True,False,True,False,True,False,True,False
17679,14096,False,True,False,True,False,True,False,True,False,True
17645,14055,True,False,True,False,True,False,True,False,True,False
17666,14059,True,False,True,False,True,False,True,False,True,False
17857,14131,True,True,True,True,True,True,True,True,True,True
17922,14273,True,False,True,False,True,False,True,False,True,False
17941,14362,True,True,True,False,True,False,True,False,True,False
18239,14404,True,False,True,False,True,False,True,False,True,False
17878,14254,False,True,False,True,False,True,False,True,False,True
18248,14448,True,True,True,True,True,True,False,True,False,True
18709,14772,True,True,True,True,True,True,True,True,True,True
18385,14661,True,True,True,True,True,True,True,True,True,True
18438,14698,True,True,True,True,True,True,True,True,True,True
18365,14586,True,True,True,True,True,True,False,True,False,True
19456,14912,True,True,True,True,True,True,True,True,True,True
19691,14917,False,True,False,True,False,True,False,True,False,True
19039,14905,True,True,True,True,True,True,True,True,True,True
19731,15026,False,True,True,True,True,True,False,True,False,True
18818,14847,False,True,False,True,False,True,False,True,False,True
19911,15315,True,False,True,False,True,False,True,True,True,True
19749,15066,False,True,True,True,True,True,True,True,True,True
19750,15110,True,False,True,False,True,False,True,False,True,False
19904,15297,True,True,True,True,True,True,True,False,True,False
19818,15192,True,False,True,True,True,True,True,True,True,True
19914,15345,True,True,True,True,True,True,True,True,True,True
19916,15413,True,False,True,False,True,False,True,False,True,False
20084,15538,True,True,True,True,True,True,True,True,True,True
20512,15582,True,True,True,True,True,True,True,True,True,True
19984,15524,False,True,True,True,True,True,True,True,True,True
20962,15606,True,True,True,True,True,True,True,True,True,True
20798,15604,True,True,True,True,True,True,True,True,True,True
20735,15585,True,True,True,True,True,True,True,True,True,True
20964,15610,True,False,True,False,True,False,True,False,True,False
20970,15847,True,True,True,True,True,True,True,True,True,True
20981,16037,True,True,True,True,True,True,True,True,True,True
21000,16071,True,True,True,True,True,True,True,True,True,True
20973,15911,True,True,True,True,True,True,True,True,True,True
20982,16039,True,False,True,False,True,False,True,False,True,False
20976,15945,False,True,False,True,False,True,False,True,False,True
22145,16093,True,True,True,True,True,True,False,True,False,True
21672,16085,True,True,True,True,True,True,True,True,True,True
22051,16089,False,True,True,True,True,True,True,True,True,True
22058,16092,False,True,False,True,False,True,False,True,False,True
21527,16074,False,True,False,True,False,True,False,True,False,True
22573,16344,True,True,True,True,True,True,True,True,True,True
22517,16285,True,True,False,False,False,False,False,False,False,False
22364,16105,True,False,True,True,True,True,True,True,True,True
22651,16348,True,True,True,True,True,True,True,True,True,True
22441,16174,False,False,True,False,True,False,True,False,True,False
23163,16525,True,True,True,True,True,True,True,True,True,True
22664,16521,True,False,True,False,True,False,True,False,True,False
22658,16350,True,True,True,True,True,True,True,True,True,True
22679,16523,True,True,True,True,True,True,True,True,True,True
23192,16530,True,True,True,True,True,True,True,True,True,True
23408,16610,True,True,True,False,True,False,True,False,True,False
23221,16540,True,True,True,True,True,True,True,True,True,True
23606,16816,True,True,True,False,True,False,True,False,True,False
23262,16545,False,True,False,True,False,True,False,True,False,True
23265,16563,False,True,True,True,True,True,True,True,True,True
23799,17152,True,True,True,True,True,True,True,True,True,True
23677,17024,False,True,False,True,False,True,True,True,True,True
23649,16837,True,False,True,False,True,False,True,False,True,False
23772,17028,False,True,False,True,False,True,False,True,False,True
23777,17049,True,True,True,True,True,True,True,True,True,True
23868,17165,True,True,True,True,True,True,True,True,True,True
24187,17254,False,False,False,False,False,False,False,False,False,False
23972,17241,True,True,True,True,True,True,True,True,True,True
23850,17158,True,True,True,True,True,True,True,True,True,True
24230,17265,True,True,True,False,True,False,True,False,True,False
24367,17371,True,False,True,False,True,False,True,True,True,True
24258,17294,True,True,True,True,True,True,True,True,True,True
24546,17630,False,True,True,True,True,True,True,True,True,True
24397,17617,True,False,True,True,True,True,True,True,True,True
24396,17608,False,False,True,True,True,True,True,True,True,True
24830,17728,False,False,True,False,True,False,True,False,True,False
24645,17690,False,True,True,True,True,True,True,True,True,True
24765,17727,True,True,True,False,True,False,True,False,True,False
25335,17747,False,True,True,True,True,True,True,True,True,True
24913,17746,True,True,True,True,True,True,True,True,True,True
26115,18017,True,True,True,False,True,False,True,False,True,False
25596,17771,True,True,True,True,True,True,True,True,True,True
25730,17782,True,True,True,True,True,True,True,True,True,True
25856,17835,True,True,True,True,True,True,True,True,True,True
25984,17879,True,True,True,True,True,True,True,True,True,True
26487,18367,True,True,True,True,True,True,True,True,True,True
26228,18173,True,True,True,True,True,True,True,True,True,True
26279,18347,True,False,True,False,True,False,True,False,True,False
26209,18168,False,False,True,True,True,True,True,True,True,True
26281,18364,True,True,True,True,True,True,True,True,True,True
26552,18586,True,False,True,True,True,True,True,True,True,True
26633,18587,True,False,True,True,True,True,False,True,False,True
26672,18605,True,True,True,False,True,False,True,False,True,False
26541,18532,False,True,True,True,True,True,True,True,True,True
26551,18551,True,False,True,False,True,False,True,False,True,False
26751,18755,True,True,True,True,True,True,True,True,True,True
26752,18806,False,True,False,True,False,True,False,True,False,True
27008,18821,True,True,False,True,False,True,False,True,False,True
26941,18819,True,True,False,True,False,True,False,True,False,True
26904,18816,True,False,True,False,True,False,True,False,True,False
27121,18839,True,False,True,True,True,True,True,False,True,False
27595,19295,True,True,True,True,True,True,True,True,True,True
27157,18854,False,False,False,True,False,True,False,True,False,True
27199,19029,True,False,True,False,True,False,False,False,False,False
27429,19147,True,True,False,True,False,True,False,True,False,True
27905,19635,True,True,True,True,True,True,True,True,True,True
27869,19399,True,True,True,True,True,True,True,True,True,True
27962,19728,True,True,True,True,True,True,True,True,True,True
27966,19843,False,True,True,True,True,True,True,True,True,True
28073,20025,False,True,True,True,True,True,True,True,True,True
28144,20051,True,True,True,True,True,True,False,True,False,True
28436,20145,False,True,False,True,False,True,False,True,False,True
28754,20196,False,False,False,False,False,False,False,False,False,False
29057,20248,True,True,True,True,True,True,True,True,True,True
28249,20143,False,True,True,True,True,True,True,True,True,True
29134,20293,True,False,True,False,True,False,True,False,True,False
29136,20312,True,True,False,True,False,True,False,True,False,True
29182,20431,True,False,True,True,True,True,True,True,True,True
29435,20720,True,True,True,True,True,True,True,True,True,True
29249,20718,True,True,True,True,True,True,True,True,True,True
30352,21588,True,False,True,False,True,False,True,False,True,False
29916,21352,True,True,True,True,True,True,True,True,True,True
29808,20788,True,False,True,True,True,True,True,True,True,True
30228,21546,True,False,True,False,True,False,True,False,True,False
30083,21428,True,True,True,True,True,True,False,False,False,False
30405,21601,True,True,False,True,False,True,False,True,False,True
30475,21636,True,True,True,True,True,True,False,True,False,True
30427,21629,True,True,True,True,True,True,True,True,True,True
30480,21673,True,False,True,False,True,False,True,False,True,False
30597,21716,True,True,True,True,True,True,True,True,True,True
30746,21965,True,True,True,False,True,False,True,False,True,False
30641,21799,False,True,True,True,True,True,True,True,True,True
30598,21717,True,False,True,True,True,True,True,True,True,True
30667,21941,False,True,True,True,True,True,True,True,True,True
30767,21996,False,False,True,True,True,True,True,True,True,True
31336,22243,True,True,True,True,True,True,True,False,True,False
31337,22309,False,False,False,True,False,True,False,True,False,True
30961,22030,True,True,True,True,True,True,True,True,True,True
30855,22014,True,True,True,True,True,True,True,True,True,True
31239,22124,True,True,True,False,True,False,True,False,True,False
31508,22443,True,True,True,True,True,True,True,True,True,True
31501,22440,False,True,False,True,False,True,False,True,False,True
31382,22327,True,False,True,True,True,True,True,True,True,True
31497,22349,True,True,True,True,True,True,True,True,True,True
31509,22450,False,True,False,True,False,True,False,True,False,True
31530,22462,False,False,True,False,True,False,True,False,True,False
31583,22493,True,True,True,True,True,True,True,True,True,True
31594,22521,True,False,True,False,True,False,True,False,True,False
31599,22582,True,False,True,True,True,True,True,False,True,False
31578,22489,True,True,True,True,True,True,True,True,True,True
31715,22589,True,False,True,False,True,False,True,False,True,False
31786,22590,False,True,True,False,True,False,True,False,True,False
31974,22692,True,False,True,True,True,True,True,True,True,True
31689,22583,True,True,True,True,True,True,True,True,True,True
31813,22603,False,True,True,True,True,True,True,True,True,True
32278,22864,True,False,True,True,True,True,False,True,False,True
32309,22865,True,True,True,True,True,True,True,True,True,True
32155,22822,True,False,True,False,True,False,True,False,True,False
32186,22850,False,True,True,True,True,True,False,True,False,True
32274,22855,True,False,True,False,True,False,True,False,True,False
33056,22924,True,True,True,False,True,False,True,False,True,False
32354,22888,True,True,True,True,True,True,True,True,True,True
32432,22898,True,False,True,True,True,True,True,True,True,True
32709,22916,True,True,True,True,True,True,False,True,False,True
32484,22909,True,True,True,True,True,True,True,True,True,True
33197,22930,True,True,True,True,True,True,True,True,True,True
33506,23282,True,True,True,True,True,True,True,True,True,True
33215,22992,True,True,True,True,True,True,True,True,True,True
33295,23240,True,True,True,True,True,True,True,True,True,True
33349,23244,True,True,True,True,True,True,True,True,True,True
33517,23289,True,False,True,False,True,False,True,False,True,False
33562,23296,True,True,True,True,True,True,True,True,True,True
33613,23422,True,True,True,True,True,True,True,True,True,True
33581,23352,True,False,True,True,True,True,True,True,True,True
33734,23516,True,True,True,True,True,True,True,False,True,False
34332,23581,False,True,True,True,True,True,True,True,True,True
34274,23580,True,True,True,True,True,True,True,True,True,True
34104,23561,True,False,True,True,True,True,True,True,True,True
34167,23567,True,True,True,True,True,True,True,True,True,True
34485,23725,True,True,True,True,True,True,True,False,True,False
34776,23869,True,True,True,False,True,False,False,False,False,False
34989,23968,False,True,False,True,False,True,False,True,False,True
35022,24016,True,True,True,True,True,True,True,True,True,True
34859,23941,False,True,True,True,True,True,True,True,True,True
34772,23845,False,True,False,True,False,True,False,True,False,True
35389,24235,False,True,False,True,False,True,False,True,False,True
35083,24023,True,True,True,True,True,True,True,True,True,True
35214,24219,True,True,True,True,True,True,True,True,True,True
35210,24030,True,True,True,True,True,True,True,True,True,True
35225,24223,False,True,True,True,True,True,True,True,True,True
35397,24241,True,True,True,False,True,False,True,False,True,False
35411,24267,True,False,True,True,True,True,True,True,True,True
35537,24441,True,True,True,True,True,True,True,True,True,True
35696,24571,True,False,True,False,True,False,True,False,True,False
35528,24422,True,False,True,False,True,False,True,False,True,False
35825,24599,False,True,True,True,True,True,True,True,True,True
35890,24616,True,False,True,False,True,False,True,False,True,False
36116,24767,True,False,True,False,True,False,True,False,True,False
36259,24868,False,True,False,True,False,True,False,True,False,True
36008,24658,True,True,True,False,True,False,True,False,True,False
36337,24988,True,False,True,True,True,True,True,False,True,False
36418,25103,True,True,True,True,True,True,True,True,True,True
36527,25120,True,False,True,False,True,False,True,False,True,False
36631,25289,True,False,True,True,True,True,True,True,True,True
36282,24889,False,False,False,False,False,False,False,False,False,False
36685,25511,True,True,True,True,True,True,True,True,True,True
36876,25649,True,False,True,False,True,False,True,True,True,True
36660,25319,True,False,True,False,True,False,True,False,True,False
36732,25577,True,True,True,True,True,True,True,True,True,True
36634,25313,False,False,True,True,True,True,True,True,True,True
36898,25675,True,False,True,True,True,True,True,True,True,True
37008,25762,False,True,True,True,True,True,False,True,False,True
37115,25763,True,True,True,True,True,True,True,True,True,True
37235,25807,False,True,True,True,True,True,True,True,True,True
37194,25791,False,True,True,True,True,True,True,True,True,True
37758,26320,False,True,False,True,False,True,False,True,False,True
37392,26222,True,True,True,True,True,True,True,True,True,True
37711,26264,True,False,True,False,True,False,True,False,True,False
37384,26080,True,True,True,True,True,True,True,True,True,True
37624,26236,True,True,True,True,True,True,True,True,True,True
38002,26540,True,True,True,True,True,True,True,True,True,True
37769,26413,True,True,False,True,False,True,False,True,False,True
38003,26665,True,False,True,False,True,False,True,False,True,False
37830,26528,False,True,True,True,True,True,True,True,True,True
38125,26678,True,True,True,False,True,False,True,False,True,False
38276,27216,True,True,True,True,True,True,True,True,True,True
38142,26761,True,True,True,True,True,True,True,True,True,True
38206,26822,False,True,True,True,True,True,True,True,True,True
38274,27053,False,True,False,True,False,True,False,True,False,True
38251,26984,True,False,True,True,True,True,True,True,True,True
38446,27372,True,False,True,False,True,False,True,False,True,False
38469,27608,True,False,True,False,True,False,True,False,True,False
38333,27280,True,True,True,False,True,False,True,False,True,False
38449,27593,False,False,False,True,False,True,False,True,False,True
38487,27619,True,True,True,True,True,True,True,True,True,True
38694,27801,True,True,True,True,True,True,True,True,True,True
38671,27783,True,False,False,False,False,False,False,True,False,True
38733,27862,True,True,True,True,True,True,False,True,False,True
38953,27880,True,True,True,True,True,True,True,True,True,True
38555,27779,True,True,True,True,True,True,True,True,True,True
38970,28038,True,True,False,True,False,True,False,True,False,True
39653,28366,True,True,True,True,True,True,True,True,True,True
39134,28146,True,True,True,False,True,False,True,False,True,False
39463,28353,False,True,False,True,False,True,True,True,True,True
39243,28346,False,True,False,True,False,True,False,True,False,True
40056,29240,True,True,True,True,True,True,False,True,False,True
39890,28991,False,True,True,False,True,False,True,False,True,False
39831,28368,True,False,True,True,True,True,True,False,True,False
40099,29330,True,False,True,True,True,True,True,True,True,True
40096,29242,False,True,False,True,False,True,False,True,False,True
40233,29512,True,False,True,False,True,False,True,False,True,False
40802,29585,True,True,True,False,True,False,True,False,True,False
40857,29649,True,True,True,True,True,True,True,True,True,True
40813,29637,True,True,True,True,True,True,True,False,True,False
40107,29347,False,True,False,True,False,True,False,True,False,True
41489,29873,True,False,True,False,True,False,True,False,True,False
41487,29859,True,False,True,False,True,False,True,False,True,False
41040,29668,False,False,False,False,False,False,False,False,False,False
41386,29793,True,True,True,True,True,True,True,True,True,True
41483,29857,True,True,True,True,True,True,True,True,True,True
41510,29887,True,True,True,True,True,True,True,True,True,True
42249,30076,True,True,True,True,True,True,True,True,True,True
41949,29957,True,True,True,False,True,False,True,False,True,False
41502,29874,True,False,True,False,True,False,True,False,True,False
41506,29885,True,False,True,True,True,True,True,False,True,False
42907,30176,True,False,True,True,True,True,True,True,True,True
42274,30078,False,True,False,True,False,True,False,True,False,True
43079,30233,True,False,True,True,True,True,True,True,True,True
42493,30079,False,True,False,True,False,True,False,True,False,True
42772,30172,False,True,False,True,False,True,False,True,False,True
43094,30257,True,True,False,True,False,True,False,True,False,True
43183,30268,True,True,True,False,True,False,True,False,True,False
43397,30686,True,False,True,True,True,True,True,True,True,True
43189,30326,True,True,True,True,True,True,True,True,True,True
43267,30677,False,True,True,True,True,True,True,True,True,True
43745,30744,False,True,False,True,False,True,False,True,False,True
43793,30745,False,True,False,True,False,True,False,True,False,True
43579,30709,True,True,True,True,True,True,True,True,True,True
43618,30732,False,True,True,True,True,True,True,True,True,True
43896,30747,True,True,True,True,True,True,True,True,True,True
43969,31039,True,False,True,False,True,False,True,False,True,False
44106,31129,True,True,True,True,True,True,True,False,True,False
44210,31130,True,True,True,True,True,True,True,True,True,True
44363,31168,True,False,True,False,True,False,True,False,True,False
44403,31171,True,True,True,True,True,True,True,True,True,True
44486,31179,False,False,False,False,False,False,False,False,False,False
44522,31220,False,True,True,True,True,True,True,True,True,True
44538,31266,True,True,True,True,True,True,True,True,True,True
44559,31342,True,True,True,True,True,True,True,True,True,True
44465,31174,True,False,True,False,True,False,True,False,True,False
44571,31595,True,False,True,False,True,False,True,True,True,True
44584,31606,False,True,True,True,True,True,True,True,True,True
44580,31602,True,True,True,True,True,True,True,True,True,True
44583,31603,False,True,True,True,True,True,True,True,True,True
44599,31769,False,False,True,False,True,False,True,False,True,False
44734,31987,True,False,True,True,True,True,True,True,True,True
44710,31984,True,True,True,True,True,True,True,True,True,True
44602,31857,False,True,True,True,True,True,True,True,True,True
44601,31819,False,True,True,True,True,True,True,True,True,True
44604,31861,False,True,True,True,True,True,True,True,True,True
44939,32362,True,False,True,True,True,True,True,True,True,True
44889,32352,True,True,False,True,False,True,False,True,False,True
44825,32261,False,True,False,True,False,True,False,False,False,False
44751,32078,False,True,False,True,False,True,False,True,False,True
44828,32281,False,True,True,True,True,True,True,True,True,True
45085,32511,True,False,True,True,True,True,True,True,True,True
45099,32567,True,True,False,False,False,False,False,True,False,True
44941,32374,True,True,True,True,True,True,True,True,True,True
45134,32665,False,True,False,True,False,True,False,True,False,True
45192,32778,True,False,True,False,True,False,True,False,True,False
45201,32840,True,True,True,True,True,True,True,True,True,True
45616,32939,True,True,True,True,True,True,True,True,True,True
45566,32925,False,True,False,True,False,True,False,True,False,True
45615,32937,True,False,True,True,True,True,True,True,True,True
45635,32943,False,True,True,True,True,True,True,True,True,True
46507,32953,True,True,True,True,True,True,True,True,True,True
46508,32998,True,False,True,False,True,False,True,False,True,False
46533,33227,True,False,True,True,True,True,True,True,True,True
45921,32949,True,True,True,True,True,True,True,True,True,True
46513,33206,False,True,True,True,True,True,True,True,True,True
46926,33284,True,True,True,True,True,True,True,True,True,True
46620,33254,True,True,True,True,True,True,True,True,True,True
46659,33269,True,True,True,True,True,True,True,True,True,True
46839,33276,True,True,True,True,True,True,True,True,True,True
46996,33325,True,True,True,True,True,True,True,True,True,True
47314,33329,False,True,False,True,False,True,False,True,False,True
47474,33377,True,True,True,True,True,True,True,True,True,True
47352,33369,False,True,True,True,True,True,True,True,True,True
47022,33326,False,True,True,True,True,True,True,True,True,True
47337,33366,True,True,True,True,True,True,True,True,True,True
47597,33617,True,True,True,True,True,True,True,True,True,True
47637,33704,True,True,True,True,True,True,True,True,True,True
47641,33926,True,True,True,False,True,False,True,False,True,False
47475,33574,True,False,True,False,True,False,True,False,True,False
47640,33881,True,False,True,False,True,False,True,False,True,False
47647,33936,True,True,True,True,True,True,True,True,True,True
47703,34020,True,True,True,False,True,False,True,False,True,False
47658,34019,True,True,True,True,True,True,True,True,True,True
47646,33935,True,True,True,True,True,True,True,True,True,True
47650,33945,True,False,True,True,True,True,True,True,True,True
47764,34260,True,True,True,True,True,True,True,True,True,True
47789,34286,True,False,True,True,True,True,True,True,True,True
47724,34231,True,True,True,True,True,True,True,True,True,True
47793,34353,True,True,True,True,True,True,True,True,True,True
47714,34156,True,False,True,True,True,True,True,True,True,True
48055,34421,True,False,True,False,True,False,True,False,True,False
48087,34540,True,False,True,False,True,False,False,False,False,False
48102,34614,False,True,False,True,False,True,False,True,False,True
48115,34617,False,True,False,True,False,True,False,True,False,True
47808,34420,False,True,True,False,True,False,True,False,True,False
48190,34624,True,False,True,True,True,True,False,True,False,True
48291,34630,True,True,True,True,True,True,True,True,True,True
48282,34627,True,False,True,True,True,True,True,True,True,True
48509,34691,False,True,True,True,True,True,True,True,True,True
48435,34639,True,True,True,True,True,True,True,True,True,True
48525,34695,False,True,False,False,False,False,False,False,False,False
48616,34767,True,False,True,True,True,True,True,True,True,True
48669,34857,False,True,False,True,False,True,False,True,False,True
48548,34706,True,False,True,False,True,False,True,False,True,False
48625,34768,True,True,True,True,True,True,True,True,True,True
49110,34995,True,False,True,True,True,True,True,True,True,True
48785,34994,True,True,True,True,True,True,True,True,True,True
49273,35327,False,True,True,True,True,True,True,True,True,True
49424,35379,False,True,True,True,True,True,True,True,True,True
49194,35240,True,False,True,False,True,False,True,False,True,False
49545,35716,True,True,True,True,True,True,True,True,True,True
49722,35761,True,True,True,True,True,True,True,True,True,True
49526,35703,True,True,True,True,True,True,True,True,True,True
49441,35597,True,True,True,True,True,True,True,True,True,True
49627,35760,False,True,False,True,False,True,False,True,False,True
49856,35774,True,False,True,False,True,False,True,False,True,False
49898,35902,False,True,False,True,False,True,False,True,False,True
50023,35963,True,True,True,True,True,True,True,True,True,True
49908,35908,True,True,True,False,True,False,True,False,True,False
49925,35939,True,True,True,True,True,True,True,True,True,True
50319,36040,True,True,True,True,True,True,False,True,False,True
50448,36312,True,True,True,True,True,True,True,True,True,True
50031,36007,True,False,True,True,True,True,True,True,True,True
50459,36361,True,False,True,True,True,True,True,True,True,True
50605,36434,False,True,True,True,True,True,True,True,True,True
50651,36569,True,True,True,True,True,True,True,True,True,True
50659,36599,True,True,True,False,True,False,True,False,True,False
50658,36598,False,True,False,True,False,True,False,True,False,True
50809,36613,True,False,True,True,True,True,True,True,True,True
50922,36662,True,True,True,True,True,True,True,True,True,True
50954,36751,True,True,True,True,True,True,True,True,True,True
50960,36862,True,True,True,True,True,True,True,True,True,True
50928,36666,True,True,True,True,True,True,True,True,True,True
50956,36852,True,True,True,True,True,True,True,True,True,True
50964,36917,True,False,True,True,True,True,True,True,True,True
51165,37116,True,True,True,True,True,True,True,True,True,True
50974,36920,True,False,True,True,True,True,True,True,True,True
51141,36992,False,True,True,True,True,True,True,True,True,True
51138,36932,True,True,True,True,True,True,True,True,True,True
51147,37045,True,True,True,False,True,False,True,False,True,False
51581,37180,True,True,True,True,True,True,False,True,False,True
51387,37163,False,True,True,True,True,True,True,True,True,True
51681,37212,False,True,False,True,False,True,False,True,False,True
51577,37175,True,False,True,False,True,False,True,False,True,False
51723,37312,False,True,False,True,False,True,False,True,False,True
52175,37782,True,True,True,True,True,True,True,True,True,True
51737,37397,True,False,True,True,True,True,True,True,True,True
51754,37503,True,False,True,True,True,True,True,True,True,True
52014,37738,True,True,True,True,True,True,False,True,False,True
51901,37519,False,True,True,True,True,True,True,True,True,True
52193,37812,False,True,False,True,False,True,False,True,False,True
52395,37814,True,True,True,True,True,True,True,True,True,True
52396,37831,True,False,True,True,True,True,True,True,True,True
52224,37813,True,True,True,True,True,True,True,True,True,True
52496,37833,True,True,True,True,True,True,True,True,True,True
53345,38022,True,True,True,False,True,False,True,False,True,False
52615,37837,False,True,True,True,True,True,True,True,True,True
52614,37834,True,False,True,False,True,False,True,False,True,False
53330,37962,True,True,True,True,True,True,True,True,True,True
53133,37958,False,True,False,True,False,True,False,True,False,True
53350,38110,True,True,True,True,True,True,True,True,True,True
53395,38112,True,False,True,True,True,True,True,True,True,True
53560,38116,False,True,True,True,True,True,True,True,True,True
53676,38120,False,False,True,True,True,True,True,True,True,True
53680,38124,False,True,False,True,False,True,False,True,False,True
53946,38130,True,True,False,True,False,True,False,True,False,True
53906,38127,True,True,True,True,True,True,True,True,True,True
54139,38268,True,False,True,True,True,True,True,True,True,True
54447,38269,True,False,True,False,True,False,True,False,True,False
53977,38136,True,False,True,True,True,True,True,True,True,True
55022,38363,True,False,True,True,True,True,True,True,True,True
54724,38316,False,True,False,True,False,True,False,False,False,False
55172,38421,True,True,True,True,True,True,True,True,True,True
55056,38412,False,True,True,True,True,True,True,True,True,True
54697,38303,False,True,True,True,True,True,True,True,True,True
55185,38506,True,False,False,True,False,True,False,True,False,True
55398,38538,True,True,True,False,True,False,True,False,True,False
55480,38836,True,False,True,False,True,False,True,True,True,True
55358,38537,True,True,False,True,False,True,False,True,False,True
55464,38786,True,True,False,True,False,True,False,True,False,True
55492,38901,True,True,True,True,True,True,True,True,True,True
55514,39143,False,False,False,True,False,True,False,True,False,True
55520,39264,True,True,True,True,True,True,True,True,True,True
56032,39299,False,True,False,True,False,True,False,True,False,True
55887,39283,False,True,False,True,False,True,False,True,False,True
56062,39354,True,True,True,True,True,True,True,True,True,True
56160,39459,True,True,True,True,True,True,True,True,True,True
56206,39482,True,True,True,True,True,True,True,True,True,True
56144,39380,True,False,True,True,True,True,True,True,True,True
56208,39647,False,True,False,True,False,True,False,True,False,True
56466,39809,True,False,True,True,True,True,True,True,True,True
56247,39696,True,True,True,True,True,True,True,True,True,True
56280,39703,True,False,True,False,True,False,True,False,True,False
56459,39725,True,True,True,True,True,True,True,True,True,True
56526,39820,False,True,False,True,False,True,False,True,False,True
56769,40021,True,True,True,True,True,True,True,False,True,False
56772,40031,True,False,True,False,True,False,True,False,True,False
56784,40173,True,False,True,True,True,True,True,True,True,True
56936,40174,True,False,True,False,True,False,True,False,True,False
56755,40011,False,True,False,True,False,True,False,True,False,True
57167,40242,False,True,False,True,False,True,False,True,False,True
57044,40195,False,False,True,True,True,True,True,True,True,True
57379,40590,True,True,True,True,True,True,True,True,True,True
57387,40600,True,True,True,True,True,True,True,True,True,True
57105,40212,True,True,True,True,True,True,True,True,True,True
58121,41060,True,True,True,True,True,True,False,True,False,True
57782,41051,True,False,False,True,False,True,False,True,False,True
57466,40843,False,True,True,True,True,True,True,True,True,True
57733,40898,False,False,True,False,True,False,True,False,True,False
57748,41017,False,True,True,True,True,True,True,True,True,True
58174,41135,True,True,True,False,True,False,True,False,True,False
58402,41420,True,True,True,True,True,True,True,True,True,True
58390,41407,True,True,True,True,True,True,True,True,True,True
58222,41167,True,True,True,True,True,True,True,True,True,True
58225,41404,False,True,True,True,True,True,True,True,True,True
58571,41532,True,False,True,True,True,True,True,False,True,False
58491,41482,True,True,True,True,True,True,True,True,True,True
58649,41534,False,True,True,True,True,True,True,True,True,True
58660,41543,False,True,True,True,True,True,True,True,True,True
58665,41563,True,False,True,False,True,False,True,False,True,False
58945,41906,True,True,True,True,True,True,True,True,True,True
59208,42419,True,True,True,True,True,True,True,True,True,True
59029,41958,False,True,False,True,False,True,False,True,False,True
59196,42105,False,True,True,True,True,True,True,True,True,True
58910,41901,False,True,False,False,False,False,False,False,False,False
59434,42525,True,True,True,True,True,True,True,True,True,True
59607,42689,True,True,True,False,True,False,True,False,True,False
59620,42698,False,True,False,True,False,True,False,True,False,True
59331,42476,False,True,True,True,True,True,True,True,True,True
59350,42481,False,False,True,False,True,False,True,True,True,True
60087,42816,True,True,True,True,True,True,True,True,True,True
59642,42764,True,True,True,True,True,True,True,True,True,True
60283,42823,True,False,True,False,True,False,True,False,True,False
59641,42748,False,True,True,True,True,True,True,True,True,True
59704,42814,True,True,True,True,True,True,True,True,True,True
60329,42825,True,False,True,True,True,True,True,True,True,True
60347,42874,True,False,True,False,True,False,True,False,True,False
60343,42833,True,False,True,True,True,True,True,True,True,True
