708,522,False,True,False,True,False,True,False,True,False,True
318,100,False,False,True,True,True,True,True,True,True,True
578,486,True,True,False,True,False,True,False,True,False,True
696,498,True,True,False,True,False,True,False,True,False,True
400,148,False,True,True,True,True,True,True,True,True,True
732,914,True,False,True,False,True,False,True,False,True,False
744,918,True,False,False,False,False,False,False,False,False,False
944,924,False,True,False,True,False,True,False,True,False,True
978,932,False,True,True,True,True,True,True,True,True,True
982,940,True,True,True,False,True,False,True,True,True,True
986,1018,False,True,False,True,False,True,False,True,False,True
1020,1246,True,True,True,True,True,True,True,True,True,True
984,968,True,True,True,True,True,True,True,True,True,True
1108,1518,False,True,False,True,False,True,False,True,False,True
1160,1536,False,False,True,False,True,False,True,True,True,True
2032,2258,True,True,True,True,True,True,True,True,True,True
1356,1994,True,False,True,False,True,False,True,False,True,False
1272,1642,True,False,True,False,True,False,True,False,True,False
1354,1732,True,False,True,False,True,False,True,False,True,False
2034,2354,True,False,True,False,True,False,True,False,True,False
2744,2692,True,True,True,True,True,True,True,True,True,True
2148,2542,True,True,True,True,True,True,True,True,True,True
2790,2698,True,True,True,True,True,True,True,True,True,True
2140,2500,False,False,True,True,True,True,True,True,True,True
2964,2706,False,False,True,False,True,False,True,True,True,True
3108,2820,False,True,False,True,False,True,False,False,False,False
3802,3482,False,True,False,True,False,True,False,True,False,True
2966,2712,True,True,True,True,True,True,True,True,True,True
3906,3676,True,True,False,True,False,True,False,True,False,True
3712,3236,False,True,False,False,False,False,False,False,False,False
4094,3800,True,True,False,True,False,True,False,True,False,True
3972,3778,False,True,False,True,False,True,True,True,True,True
4152,4102,True,False,False,False,False,False,False,False,False,False
4242,4374,True,False,True,False,True,False,True,False,True,False
3982,3794,True,False,True,False,True,False,True,False,True,False
4388,4386,False,True,False,True,False,True,False,False,False,False
5804,4884,True,True,True,True,True,True,True,True,True,True
5988,5098,True,False,True,False,True,False,True,False,True,False
5538,4422,True,True,True,False,True,False,True,False,True,False
5654,4510,True,False,True,False,True,False,True,False,True,False
6056,5252,True,False,True,False,True,False,True,False,True,False
6174,5320,True,False,True,False,True,False,True,False,True,False
6206,5564,True,False,True,True,True,True,True,True,True,True
6186,5540,False,True,False,True,False,True,False,True,False,True
6158,5286,True,False,True,True,True,True,True,True,True,True
6746,5788,True,False,True,False,True,False,True,False,True,False
7822,6062,True,False,True,False,True,False,True,False,True,False
8034,6306,True,False,True,False,True,False,True,False,True,False
6664,5572,True,True,True,True,True,True,True,True,True,True
7188,5856,True,False,True,False,True,False,True,False,True,False
8398,6950,True,False,True,False,True,False,True,False,True,False
8184,6756,True,True,True,True,True,True,True,True,True,True
8168,6632,False,True,False,True,False,True,False,True,False,True
8276,6882,False,True,False,True,False,True,False,True,False,True
8046,6340,False,True,False,True,False,True,False,True,False,True
8458,7132,False,False,False,False,False,False,False,False,False,False
8556,7584,True,False,True,False,True,False,True,False,True,False
8864,7596,True,True,True,True,True,True,True,True,True,True
8464,7138,True,True,False,True,False,True,False,True,False,True
9006,7602,False,True,False,True,False,True,False,True,False,True
9446,7908,True,False,True,True,True,True,True,True,True,True
9640,8174,True,True,True,True,True,True,True,False,True,False
9736,8436,False,True,False,True,False,True,False,True,False,True
9518,7914,False,True,True,True,True,True,True,True,True,True
9862,8450,True,True,True,True,True,True,True,True,True,True
9914,8838,True,True,False,True,False,True,False,True,False,True
10010,9216,False,True,False,True,False,True,False,True,False,True
9930,8894,False,True,True,True,True,True,True,True,True,True
9882,8632,True,True,True,True,True,True,True,True,True,True
9982,9152,True,False,True,True,True,True,True,True,True,True
10996,11098,False,True,False,False,False,False,False,False,False,False
10914,10816,False,True,False,True,False,True,False,True,False,True
10240,10012,True,False,True,True,True,True,True,True,True,True
10646,10052,True,False,True,False,True,False,True,False,True,False
10164,9804,False,True,True,True,True,True,True,True,True,True
11268,11114,False,True,False,True,False,True,True,True,True,True
11708,12390,True,False,True,True,True,True,True,True,True,True
11642,11546,True,False,True,True,True,True,True,True,True,True
11700,11730,True,True,True,True,True,True,True,True,True,True
11630,11270,True,True,False,True,False,True,False,True,False,True
12194,12548,True,True,True,False,True,False,True,False,True,False
11718,12476,True,True,True,True,True,True,True,True,True,True
13366,12616,True,True,False,True,False,True,False,True,False,True
13260,12612,False,True,True,False,True,False,True,False,True,False
12898,12610,True,False,True,False,True,False,True,False,True,False
14222,12886,True,False,True,True,True,True,True,True,True,True
13634,12618,False,True,True,True,True,True,True,True,True,True
14152,12704,True,False,False,False,False,False,False,False,False,False
14388,12888,True,True,True,True,True,True,True,True,True,True
14406,13140,True,False,True,False,True,False,True,False,True,False
14944,13500,True,True,False,True,False,True,False,True,False,True
15444,13686,True,True,True,True,True,True,True,True,True,True
14530,13220,False,False,True,False,True,False,False,False,False,False
15296,13684,True,True,False,False,False,False,False,False,False,False
15468,13792,True,True,True,True,True,True,True,True,True,True
15494,13978,True,True,True,True,True,True,False,True,False,True
15624,14112,True,False,True,False,True,False,True,False,True,False
15688,14124,True,True,False,True,False,True,False,True,False,True
15956,14254,True,True,True,True,True,True,True,True,True,True
15502,14096,True,True,True,False,True,False,True,False,True,False
16444,14404,True,False,True,True,True,True,True,True,True,True
16332,14362,True,False,True,False,True,False,True,False,True,False
16522,14698,True,False,False,True,False,True,False,True,False,True
16470,14586,False,True,False,True,False,True,False,True,False,True
16446,14448,True,False,True,False,True,False,True,False,True,False
17130,15110,True,False,True,False,True,False,False,False,False,False
16600,14772,False,False,False,False,False,False,False,False,False,False
16862,15026,True,True,True,True,True,True,True,True,True,True
16836,14912,False,True,True,False,True,False,True,True,True,True
17070,15066,False,True,False,True,False,True,False,True,False,True
17324,15192,False,False,False,False,False,False,False,True,False,True
17472,15524,False,False,False,False,False,False,False,False,False,False
17604,15582,True,True,True,True,True,True,False,True,False,True
17478,15538,True,True,False,True,False,True,False,True,False,True
17616,15604,False,True,False,True,False,True,False,True,False,True
17856,15610,True,True,True,True,True,True,True,True,True,True
18248,16174,False,True,True,True,True,True,True,True,True,True
17922,16092,False,False,False,True,False,True,False,True,False,True
17878,16074,False,True,False,True,False,True,False,True,False,True
17666,15606,False,True,False,True,False,True,False,True,False,True
19456,16350,False,True,False,True,False,True,False,True,False,True
18438,16344,True,False,True,False,True,False,True,False,True,False
19750,16530,True,False,False,True,False,True,False,True,False,True
19818,16540,False,False,True,False,True,False,True,False,True,False
18818,16348,True,False,False,False,False,False,False,False,False,False
19914,16816,False,True,False,True,False,True,False,True,False,True
19916,17024,True,True,True,True,True,True,True,True,True,True
20084,17152,True,False,True,False,True,False,True,False,True,False
19904,16610,False,True,False,True,False,True,False,True,False,True
19984,17028,True,True,False,True,False,True,False,True,False,True
20962,17294,False,False,False,False,False,False,True,False,True,False
20798,17254,True,True,True,True,True,True,True,False,True,False
20512,17158,False,True,False,True,False,True,False,True,False,True
20964,17608,False,True,False,True,False,True,False,True,False,True
20970,17630,True,False,True,False,True,False,True,False,True,False
21000,17746,False,False,False,False,False,False,False,False,False,False
21672,17782,True,True,True,True,True,True,True,True,True,True
20982,17728,True,False,False,True,False,True,False,True,False,True
22058,18168,True,True,True,True,True,True,True,True,True,True
20976,17690,False,False,True,False,True,False,True,False,True,False
22664,18586,False,True,False,True,False,True,False,True,False,True
22364,18364,True,True,True,False,True,False,True,False,True,False
23262,18816,True,False,True,False,True,False,True,False,True,False
22658,18532,False,False,False,True,False,True,False,True,False,True
23192,18806,True,True,True,True,True,True,True,True,True,True
23408,18854,True,True,False,True,False,True,False,True,False,True
23868,20312,False,True,True,True,True,True,True,True,True,True
23606,19728,False,True,False,True,False,True,False,True,False,True
23772,20196,False,False,False,False,False,False,False,True,False,True
23850,20248,True,False,False,True,False,True,False,True,False,True
24258,20788,True,True,False,True,False,True,False,True,False,True
24546,21428,True,False,False,True,False,True,True,True,True,True
23972,20718,True,True,True,True,True,True,True,True,True,True
24230,20720,True,True,True,False,True,False,True,False,True,False
24396,21352,False,True,False,True,False,True,False,True,False,True
24830,21546,False,True,False,True,False,True,False,True,False,True
25596,21588,False,False,False,True,False,True,False,True,False,True
25730,21636,True,True,True,True,True,True,True,True,True,True
25856,21716,False,True,False,True,False,True,False,True,False,True
25984,21996,True,False,True,True,True,True,True,False,True,False
26752,22440,True,False,True,False,True,False,True,False,True,False
26552,22030,True,False,True,False,True,False,True,False,True,False
26228,22014,True,False,True,True,True,True,True,True,True,True
26672,22124,True,True,True,False,True,False,True,False,True,False
26904,22450,True,False,True,False,True,False,True,False,True,False
27008,22462,True,True,True,True,True,True,True,True,True,True
28144,22692,True,True,True,False,True,False,True,False,True,False
28436,22822,False,True,False,False,False,False,False,False,False,False
27962,22582,True,True,True,True,True,True,False,True,False,True
27966,22590,True,True,True,True,True,True,True,True,True,True
29134,22864,True,False,False,False,False,False,False,True,False,True
29136,22888,False,True,False,True,False,True,False,True,False,True
29182,22898,True,True,True,True,True,True,True,True,True,True
29808,22916,True,True,True,True,True,True,False,True,False,True
28754,22850,False,False,False,False,False,False,False,False,False,False
30352,22992,True,True,True,True,True,True,True,True,True,True
29916,22924,True,False,True,False,True,False,True,False,True,False
30480,23240,True,False,True,False,True,False,True,False,True,False
30228,22930,False,True,False,True,False,True,False,True,False,True
30598,23244,True,False,True,False,True,False,True,False,True,False
30746,23282,True,True,False,True,False,True,False,True,False,True
31336,23296,True,False,True,False,True,False,True,False,True,False
31530,23516,True,False,False,True,False,True,False,True,False,True
31508,23422,True,True,True,True,True,True,True,True,True,True
31382,23352,True,False,True,False,True,False,True,False,True,False
31786,24016,False,False,False,False,False,False,False,False,False,False
32186,24422,False,True,False,True,False,True,False,True,False,True
31594,23968,False,True,False,True,False,True,True,True,True,True
31974,24030,True,True,True,False,True,False,True,False,True,False
31578,23580,True,True,True,False,True,False,True,False,True,False
32278,24658,False,True,False,True,False,True,False,True,False,True
32354,24868,True,False,True,False,True,False,True,False,True,False
32432,24988,True,False,True,False,True,False,True,False,True,False
32484,25120,True,True,False,True,False,True,False,True,False,True
32274,24616,False,True,True,False,True,False,True,False,True,False
33056,25762,True,True,True,True,True,True,False,True,False,True
33506,26080,True,True,True,True,True,True,True,True,True,True
33562,26222,False,False,True,False,True,False,True,False,True,False
34104,26264,True,True,False,True,False,True,False,True,False,True
33734,26236,False,True,False,True,False,True,False,True,False,True
34776,26678,True,False,True,False,True,False,True,False,True,False
34332,26528,True,True,True,True,True,True,False,True,False,True
35022,26822,False,True,False,True,False,True,False,True,False,True
34274,26320,True,False,True,False,True,False,True,False,True,False
34772,26540,True,True,True,True,True,True,True,True,True,True
35696,27372,True,True,True,True,True,True,True,True,True,True
35890,27608,False,True,False,True,False,True,False,True,False,True
35214,27216,True,False,True,False,True,False,True,False,True,False
35528,27280,False,False,True,False,True,False,True,False,True,False
35210,26984,True,False,True,False,True,False,False,False,False,False
36418,28146,True,True,True,True,True,True,True,True,True,True
36116,27880,False,True,False,True,False,True,False,True,False,True
36282,28038,True,False,True,False,True,False,True,False,True,False
36008,27862,False,True,False,False,False,False,False,False,False,False
36634,28346,True,False,True,True,True,True,True,True,True,True
36876,29240,True,True,True,True,True,True,True,True,True,True
36898,29242,True,False,True,False,True,False,True,False,True,False
36660,28366,True,True,True,False,True,False,True,False,True,False
36732,28368,True,False,True,False,True,False,True,False,True,False
37008,29330,True,True,True,True,True,True,True,True,True,True
37758,30078,True,True,False,True,False,True,False,True,False,True
37392,29874,True,True,True,True,True,True,True,True,True,True
37194,29512,True,True,True,True,True,True,True,True,True,True
37384,29668,True,True,True,True,True,True,True,False,True,False
37624,30076,False,True,True,True,True,True,True,True,True,True
38002,30176,True,True,True,True,True,True,True,True,True,True
38142,30268,False,True,False,True,False,True,False,False,False,False
38206,30326,False,False,False,True,False,True,False,True,False,True
38274,30686,False,True,False,True,False,True,False,True,False,True
37830,30172,True,False,True,False,True,False,True,False,True,False
38276,30732,True,True,False,True,False,True,True,True,True,True
38446,30744,False,True,True,True,True,True,True,True,True,True
38694,31130,True,False,True,False,True,False,True,False,True,False
38970,31168,False,True,False,True,False,True,False,True,False,True
39134,31174,True,False,True,True,True,True,True,True,True,True
40056,31266,False,False,False,True,False,True,False,True,False,True
39890,31220,False,True,False,False,False,False,False,False,False,False
40802,31602,False,False,False,True,False,True,False,True,False,True
40096,31342,True,False,True,False,True,False,True,False,True,False
41040,31606,True,False,True,False,True,False,True,False,True,False
41510,32362,True,False,True,True,True,True,True,True,True,True
42274,32374,True,True,True,True,True,True,True,True,True,True
41502,32078,False,True,False,True,False,True,False,True,False,True
41506,32352,False,True,False,True,False,True,False,True,False,True
41386,31984,True,True,True,False,True,False,True,False,True,False
43094,32840,True,True,True,True,True,True,True,True,True,True
44106,33254,True,True,True,True,True,True,True,True,True,True
42772,32778,False,True,False,False,False,False,False,False,False,False
43618,32998,True,False,False,False,False,False,False,False,False,False
43896,33206,True,False,True,False,True,False,True,False,True,False
44486,33284,False,True,False,True,False,True,False,True,False,True
44522,33326,False,True,False,True,False,True,False,True,False,True
44580,33574,True,True,True,False,True,False,True,False,True,False
44210,33276,True,True,True,True,True,True,True,True,True,True
44538,33366,True,True,False,True,False,True,False,False,False,False
44584,33704,False,False,True,False,True,False,True,False,True,False
44734,34156,False,True,False,True,False,True,False,True,False,True
44710,34020,True,True,True,True,True,True,True,True,True,True
44602,33926,True,False,True,False,True,False,True,False,True,False
44604,33936,True,False,False,True,False,True,False,True,False,True
45616,34614,False,True,False,True,False,True,False,True,False,True
45566,34540,True,True,True,True,True,True,True,True,True,True
45134,34286,False,True,True,True,True,True,True,True,True,True
45192,34420,True,True,True,False,True,False,True,False,True,False
44828,34260,False,True,False,False,False,False,False,False,False,False
46508,34624,False,True,True,True,True,True,True,True,True,True
46926,34706,True,True,True,True,True,True,True,False,True,False
46620,34630,True,False,True,False,True,False,True,False,True,False
47022,34994,True,True,True,False,True,False,True,False,True,False
46996,34768,False,False,False,True,False,True,False,True,False,True
47314,35240,True,True,True,True,True,True,True,True,True,True
47474,35760,True,True,True,True,True,True,True,True,True,True
47352,35716,True,True,True,True,True,True,True,True,True,True
47640,35774,False,True,False,True,False,True,False,True,False,True
47646,35902,True,True,True,False,True,False,True,False,True,False
47764,36598,False,True,False,True,False,True,False,False,False,False
47658,36040,True,True,False,True,False,True,False,True,False,True
47724,36434,False,True,False,False,False,False,False,False,False,False
47714,36312,True,True,True,True,True,True,True,True,True,True
47650,35908,True,False,True,True,True,True,True,True,True,True
48190,36852,True,True,True,True,True,True,True,True,True,True
48282,36862,True,True,True,True,True,True,True,True,True,True
48102,36666,False,True,False,True,False,True,False,True,False,True
48548,36920,True,True,True,True,True,True,True,True,True,True
47808,36662,True,False,True,False,True,False,True,False,True,False
49110,36992,True,True,True,True,True,True,True,True,True,True
48616,36932,False,True,True,True,True,True,True,True,True,True
49424,37180,True,False,True,False,True,False,True,False,True,False
49526,37212,True,True,True,True,True,True,True,True,True,True
49194,37116,False,True,False,True,False,True,False,True,False,True
49722,37312,True,True,True,True,True,True,False,True,False,True
49856,37738,False,True,False,True,False,True,False,True,False,True
49898,37782,True,True,False,True,False,True,False,True,False,True
50448,37814,False,True,False,True,False,True,False,True,False,True
49908,37812,False,True,False,True,False,True,False,True,False,True
50954,38022,False,False,False,False,False,False,False,False,False,False
50928,37962,True,False,True,True,True,True,True,True,True,True
50956,38110,True,True,True,True,True,True,False,True,False,True
50658,37834,True,True,True,True,True,True,True,True,True,True
50922,37958,True,True,False,False,False,False,False,True,False,True
50960,38112,True,True,False,True,False,True,False,True,False,True
50964,38116,True,True,True,True,True,True,False,True,False,True
50974,38120,True,False,True,True,True,True,True,True,True,True
51754,38130,True,False,False,False,False,False,False,False,False,False
51138,38124,True,False,True,True,True,True,True,True,True,True
52396,38316,True,True,True,True,True,True,True,True,True,True
52224,38268,True,False,True,True,True,True,True,True,True,True
52014,38136,True,False,True,True,True,True,True,True,True,True
52614,38506,True,False,True,True,True,True,True,True,True,True
52496,38412,True,False,True,False,True,False,True,False,True,False
53350,38786,True,False,True,False,True,False,True,False,True,False
53560,38836,True,True,True,True,True,True,True,True,True,True
53676,39264,True,False,True,False,True,False,True,False,True,False
53330,38538,True,True,True,True,True,True,True,False,True,False
53680,39354,False,False,False,True,False,True,False,True,False,True
55022,39820,True,False,True,False,True,False,True,False,True,False
53946,39482,True,False,True,False,True,False,True,False,True,False
53906,39380,True,False,False,False,False,False,False,False,False,False
54724,39696,False,True,False,True,False,True,False,True,False,True
55056,40174,False,True,True,True,True,True,True,True,True,True
55398,40590,True,True,True,True,True,True,True,True,True,True
55172,40212,True,False,True,False,True,False,True,False,True,False
55480,40898,False,False,False,False,False,False,False,False,False,False
55358,40242,True,False,True,False,True,False,True,True,True,True
55464,40600,False,True,False,True,False,True,True,True,True,True
56062,41532,True,True,True,False,True,False,True,False,True,False
55492,41060,False,True,False,True,False,True,False,True,False,True
55514,41404,True,False,False,True,False,True,False,True,False,True
55520,41420,False,True,False,True,False,True,False,True,False,True
56032,41482,False,True,False,True,False,True,False,True,False,True
56160,41906,True,False,True,False,True,False,True,False,True,False
56280,42698,True,True,False,True,False,True,False,True,False,True
56206,41958,True,False,True,False,True,False,True,False,True,False
56144,41534,True,False,True,False,True,False,True,False,True,False
56208,42476,True,False,True,False,True,False,True,False,True,False
56466,42748,True,True,True,True,True,True,False,True,False,True
56772,42814,False,False,False,True,False,True,False,True,False,True
56784,42816,False,True,False,True,False,True,False,True,False,True
56936,42874,False,True,True,False,True,False,True,False,True,False
56526,42764,True,True,True,True,True,True,True,True,True,True
57782,43704,True,False,True,True,True,True,True,True,True,True
58174,43914,True,True,True,False,True,False,True,False,True,False
57466,43476,True,False,True,False,True,False,True,False,True,False
57044,43020,True,False,True,False,True,False,True,False,True,False
57748,43620,False,True,False,True,False,True,False,True,False,True
58402,44258,True,True,False,True,False,True,False,True,False,True
58390,44212,True,True,True,False,True,False,True,True,True,True
58222,44000,True,True,True,True,True,True,True,True,True,True
58660,44272,True,True,True,True,True,True,True,True,True,True
58910,44418,False,True,False,True,False,True,False,True,False,True
59434,45050,True,True,True,True,True,True,True,True,True,True
59208,45028,True,False,True,False,True,False,True,False,True,False
59196,44936,False,True,False,True,False,True,False,True,False,True
59620,45068,True,True,True,True,True,True,True,True,True,True
59350,45046,False,False,False,False,False,False,False,False,False,False
59642,45080,False,True,False,True,False,True,False,True,False,True
59704,45202,True,True,True,True,True,True,True,False,True,False
